Location Code,Jurisdiction   Code,County,Home Rule,City Exemptions      (state-collected cities),County Exemptions,Special Dist Exemptions,Total Rate,Tax Type,Rate,Service Fee Rate,Tax Type,Rate,Service Fee Rate,Tax Type,Rate,Service Fee Rate,Tax Type,Rate,Service Fee Rate,Tax Type,Rate,Service Fee Rate,Tax Type,Rate,Service Fee Rate,Tax Type,Rate,Service Fee Rate,Tax Type,Rate,Service Fee Rate,Tax Type,Rate,Service Fee Rate,Tax Type,Rate,Service Fee Rate,Tax Type,Rate,Service Fee Rate,Tax Type,Rate,Service Fee Rate
AGUILAR,050003,LAS ANIMAS,,,,,7.4000,State,2.9000,4.0000,County,1.5000,3.3300,City,3.0000,1.5000,,,,,,,,,,,,,,,,,,,,,,,,,,,
AKRON,270001,WASHINGTON ,,"B,C,K","A,B,D,E,G,H,K",,6.9000,State,2.9000,4.0000,County,1.5000,3.3300,City,2.5000,3.3300,,,,,,,,,,,,,,,,,,,,,,,,,,,
ALAMOSA ,300001,ALAMOSA ,State-collected,E,,,8.4000,State,2.9000,4.0000,County,3.0000,3.3300,City,2.5000,2.0000,,,,,,,,,,,,,,,,,,,,,,,,,,,
ALMA(IN HEALTH SERVICES DISTRICT),540001,PARK ,,,"A,B,C,D,K",,7.9000,State,2.9000,4.0000,County,1.0000,3.3300,City,3.0000,3.3300,HSD,1.0000,3.3300,,,,,,,,,,,,,,,,,,,,,,,,
ANTONITO,250001,CONEJOS ,,,,,6.9000,State,2.9000,4.0000,City,4.0000,3.3300,,,,,,,,,,,,,,,,,,,,,,,,,,,,,,
ARRIBA,330001,LINCOLN ,,,E,,4.9000,State,2.9000,4.0000,County,2.0000,3.3300,,,,,,,,,,,,,,,,,,,,,,,,,,,,,,
ARROWHEAD METROPOLITAN DISTRICT,440069,EAGLE ,,,"A,B,C,K","A,B,C,K",9.4000,State,2.9000,4.0000,County,1.0000,3.3300,MTS,0.5000,3.3300,MDT,5.0000,3.3300,,,,,,,,,,,,,,,,,,,,,,,,
ARVADA ,120058,ADAMS ,Self-collected,,"A,B,C,D,E,G,H,K",,8.2100,State,2.9000,4.0000,County,0.7500,0.0000,City,3.4600,0.0000,RTD,1.0000,3.3300,CD,0.1000,3.3300,,,,,,,,,,,,,,,,,,,,,
ASPEN ,570001,PITKIN ,Self-collected,,,,9.3000,State,2.9000,4.0000,County,3.1000,0.0000,City,2.4000,3.3000,RTA,0.4000,0.0000,MTS,0.5000,0.0000,,,,,,,,,,,,,,,,,,,,,
AULT,030006,WELD,,,,,5.9000,State,2.9000,4.0000,City,3.0000,0.0000,,,,,,,,,,,,,,,,,,,,,,,,,,,,,,
AURORA,470030,DOUGLAS ,Self-collected,,"A,B,C,D,E,G,K,M,O,P,Q",,8.7500,State,2.9000,4.0000,County,1.0000,2.3300,City,3.7500,0.0000,RTD,1.0000,3.3300,CD,0.1000,3.3300,,,,,,,,,,,,,,,,,,,,,
AURORA ,100001,ARAPAHOE,Self-collected,,"A,B,C,D,E,G,H,K,M",,8.0000,State,2.9000,4.0000,County,0.2500,0.5000,City,3.7500,0.0000,RTD,1.0000,3.3300,CD,0.1000,3.3300,,,,,,,,,,,,,,,,,,,,,
AURORA ,120003,ADAMS ,Self-collected,,"A,B,C,D,E,G,H,K",,8.5000,State,2.9000,4.0000,County,0.7500,0.0000,City,3.7500,0.0000,RTD,1.0000,3.3300,CD,0.1000,3.3300,,,,,,,,,,,,,,,,,,,,,
AURORA (CD ONLY IN ADAMS),120062,ADAMS ,Self-collected,,"A,B,C,D,E,G,H,K",,7.5000,State,2.9000,4.0000,County,0.7500,0.0000,City,3.7500,0.0000,CD,0.1000,3.3300,,,,,,,,,,,,,,,,,,,,,,,,
AURORA (CD ONLY),100002,ARAPAHOE,,,"A,B,C,D,E,G,H,K,M",,3.2500,State,2.9000,4.0000,County,0.2500,0.5000,CD,0.1000,3.3300,,,,,,,,,,,,,,,,,,,,,,,,,,,
AVON ,440003,EAGLE ,Self-collected,,"A,B,C,K","A,B,C,K",8.4000,State,2.9000,4.0000,County,1.0000,3.3300,City,4.0000,0.0000,MTS,0.5000,3.3300,,,,,,,,,,,,,,,,,,,,,,,,
AVON UNINCORPORATED (BACHELOR GULCH METROPOLITAN DISTRICT),440064,EAGLE ,,,"A,B,C,K","A,B,C,K",9.4000,State,2.9000,4.0000,County,1.0000,3.3300,MTS,0.5000,3.3300,MDT,5.0000,3.3300,,,,,,,,,,,,,,,,,,,,,,,,
BAILEY,540004,PARK ,,,"A,B,C,D,K",,3.9000,State,2.9000,4.0000,County,1.0000,3.3300,,,,,,,,,,,,,,,,,,,,,,,,,,,,,,
BASALT ,440005,EAGLE ,State-collected,,"A,B,C,K","A,B,C,K",8.2000,State,2.9000,4.0000,County,1.0000,3.3300,City,3.0000,3.3300,RTA,0.8000,0.0000,MTS,0.5000,3.3300,,,,,,,,,,,,,,,,,,,,,
BASALT ,570018,PITKIN (in Basalt),State-collected,,,,9.3000,State,2.9000,4.0000,County,2.1000,0.0000,City,3.0000,3.3300,RTA,0.8000,0.0000,MTS,0.5000,0.0000,,,,,,,,,,,,,,,,,,,,,
BAYFIELD,200003,LA PLATA ,,,"D,E,H,K,M",,7.9000,State,2.9000,4.0000,County,2.0000,3.3300,City,3.0000,3.3300,,,,,,,,,,,,,,,,,,,,,,,,,,,
BENNETT,100042,ARAPAHOE,,,"A,B,C,D,E,G,H,K,M",,7.2500,State,2.9000,4.0000,County,0.2500,0.5000,City,4.0000,3.3300,CD,0.1000,3.3300,,,,,,,,,,,,,,,,,,,,,,,,
BENNETT,120007,ADAMS ,,,"A,B,C,D,E,G,H,K",,7.7500,State,2.9000,4.0000,County,0.7500,0.0000,City,4.0000,3.3300,CD,0.1000,3.3300,,,,,,,,,,,,,,,,,,,,,,,,
BERTHOUD,030008,WELD,,,,,6.9000,State,2.9000,4.0000,City,4.0000,3.3300,,,,,,,,,,,,,,,,,,,,,,,,,,,,,,
BERTHOUD,060009,LARIMER,,,"A,B,C,D,E,G,H,K",,7.7000,State,2.9000,4.0000,County,0.8000,2.2200,City,4.0000,3.3300,,,,,,,,,,,,,,,,,,,,,,,,,,,
BETHUNE,260001,KIT CARSON,,,,,2.9000,State,2.9000,4.0000,,,,,,,,,,,,,,,,,,,,,,,,,,,,,,,,,
BLACK HAWK ,600004,GILPIN ,Self-collected,,,,8.9000,State,2.9000,4.0000,City,6.0000,0.0000,,,,,,,,,,,,,,,,,,,,,,,,,,,,,,
BLANCA,380001,COSTILLA ,,"B,C,K",,,6.9000,State,2.9000,4.0000,County,1.0000,0.0000,City,3.0000,3.3300,,,,,,,,,,,,,,,,,,,,,,,,,,,
BLUE RIVER (MAIL VIA BRECKENRIDGE),610022,SUMMIT (BLUE RIVER IGA),,,,,8.8750,State,2.9000,4.0000,County,2.0000,3.3300,City,2.5000,2.0000,MTS,0.7500,3.3300,MHA,0.7250,3.3300,,,,,,,,,,,,,,,,,,,,,
BONANZA (MAIL VIA VILLA GROVE),350002,SAGUACHE ,,,"A,B,C,E,K",,5.4000,State,2.9000,4.0000,County,2.5000,0.0000,,,,,,,,,,,,,,,,,,,,,,,,,,,,,,
BOONE,020006,PUEBLO,,,"A,B,C,K",,3.9000,State,2.9000,4.0000,County,1.0000,3.3300,,,,,,,,,,,,,,,,,,,,,,,,,,,,,,
BOULDER ,070003,BOULDER ,Self-collected,,"A,B,C,K",,8.8450,State,2.9000,4.0000,County,0.9850,0.0000,City,3.8600,0.0000,RTD,1.0000,3.3300,CD,0.1000,3.3300,,,,,,,,,,,,,,,,,,,,,
BOW MAR (MAIL VIA LITTLETON),100037,ARAPAHOE,,,"A,B,C,D,E,G,H,K,M",,4.2500,State,2.9000,4.0000,County,0.2500,0.5000,RTD,1.0000,3.3300,CD,0.1000,3.3300,,,,,,,,,,,,,,,,,,,,,,,,
BOW MAR (MAIL VIA LITTLETON),110141,JEFFERSON ,,,,,4.5000,State,2.9000,4.0000,County,0.5000,3.3300,RTD,1.0000,3.3300,CD,0.1000,3.3300,,,,,,,,,,,,,,,,,,,,,,,,
BRANSON,050017,LAS ANIMAS,,,,,4.4000,State,2.9000,4.0000,County,1.5000,3.3300,,,,,,,,,,,,,,,,,,,,,,,,,,,,,,
BRECKENRIDGE ,610001,SUMMIT (BRECKENRIDGE IGA),Self-collected,,,,8.8750,State,2.9000,4.0000,County,2.0000,3.3300,City,2.5000,0.0000,MTS,0.7500,3.3300,MHA,0.7250,3.3300,,,,,,,,,,,,,,,,,,,,,
BRIGHTON ,030151,WELD,Self-collected,,,,6.6500,State,2.9000,4.0000,City,3.7500,3.3300,,,,,,,,,,,,,,,,,,,,,,,,,,,,,,
BRIGHTON ,120008,ADAMS ,Self-collected,,"A,B,C,D,E,G,H,K",,8.5000,State,2.9000,4.0000,County,0.7500,0.0000,City,3.7500,3.3300,RTD,1.0000,3.3300,CD,0.1000,3.3300,,,,,,,,,,,,,,,,,,,,,
BRIGHTON (in RTD),030157,WELD,Self-collected,,,,7.6500,State,2.9000,4.0000,City,3.7500,3.3300,RTD,1.0000,3.3300,,,,,,,,,,,,,,,,,,,,,,,,,,,
BROOKSIDE,140052,FREMONT ,,,"A,B,C,D,E,G,H,K,M",,5.4000,State,2.9000,4.0000,County,2.5000,3.3300,,,,,,,,,,,,,,,,,,,,,,,,,,,,,,
BROOMFIELD (CD Only),640005,BROOMFIELD,Self-collected,,,,7.1500,State,2.9000,4.0000,City,4.1500,3.0000,CD,0.1000,3.3300,,,,,,,,,,,,,,,,,,,,,,,,,,,
BROOMFIELD (RTD AND CD),640001,BROOMFIELD,Self-collected,,,,8.1500,State,2.9000,4.0000,City,4.1500,3.0000,RTD,1.0000,3.3300,CD,0.1000,3.3300,,,,,,,,,,,,,,,,,,,,,,,,
BRUSH,150004,MORGAN ,,,,,6.9000,State,2.9000,4.0000,City,4.0000,3.3300,,,,,,,,,,,,,,,,,,,,,,,,,,,,,,
BUENA VISTA,310008,CHAFFEE ,,,E,,8.1500,State,2.9000,4.0000,County,2.7500,3.0000,City,2.5000,3.3300,,,,,,,,,,,,,,,,,,,,,,,,,,,
BURLINGTON ,260002,KIT CARSON,State-collected,"A,B,C,E,K",,,4.9000,State,2.9000,4.0000,City,2.0000,3.3300,,,,,,,,,,,,,,,,,,,,,,,,,,,,,,
CALHAN,040009,EL PASO,,"A,B,C,K","A,B,C,K",,7.1300,State,2.9000,4.0000,County,1.2300,0.0000,City,3.0000,3.3300,,,,,,,,,,,,,,,,,,,,,,,,,,,
CALHAN (in PPRTA),040098,EL PASO,,,"A,B,C,K",,8.1300,State,2.9000,4.0000,County,1.2300,0.0000,City,3.0000,3.3300,RTA,1.0000,0.0000,,,,,,,,,,,,,,,,,,,,,,,,
CANON CITY ,140008,FREMONT ,State-collected,,"A,B,C,D,E,G,H,K,M",,8.4000,State,2.9000,4.0000,County,2.5000,3.3300,City,3.0000,3.3300,,,,,,,,,,,,,,,,,,,,,,,,,,,
CARBONDALE ,240007,GARFIELD ,Self-collected,,"A,B,C,K",,8.4000,State,2.9000,4.0000,County,1.0000,3.3300,City,3.5000,3.3300,RTA,1.0000,0.0000,,,,,,,,,,,,,,,,,,,,,,,,
CASTLE PINES (MAIL VIA CASTLE ROCK),470043,DOUGLAS ,Self-collected,"A,C,D","A,B,C,D,E,G,K,M,O,P,Q",,6.7500,State,2.9000,4.0000,County,1.0000,2.3300,City,2.7500,3.3300,,,,CD,0.1000,3.3300,,,,,,,,,,,,,,,,,,,,,
CASTLE ROCK ,470002,DOUGLAS ,Self-collected,,"A,B,C,D,E,G,K,M,O,P,Q",,7.9000,State,2.9000,4.0000,County,1.0000,2.3300,City,4.0000,3.3300,,,,,,,,,,,,,,,,,,,,,,,,,,,
CEDAREDGE,180006,DELTA,,"C,D","E,F",,7.7000,State,2.9000,4.0000,County,2.0000,3.3300,City,2.0000,3.3300,PSI,0.8000,3.3300,,,,,,,,,,,,,,,,,,,,,,,,
CENTENNIAL ,100040,ARAPAHOE,Self-collected,,"A,B,C,D,E,G,H,K,M",,6.7500,State,2.9000,4.0000,County,0.2500,0.5000,City,2.5000,3.0000,RTD,1.0000,3.3300,CD,0.1000,3.3300,,,,,,,,,,,,,,,,,,,,,
CENTER,230035,RIO GRANDE,,C,,,9.5000,State,2.9000,4.0000,County,2.6000,3.3300,City,4.0000,3.3300,,,,,,,,,,,,,,,,,,,,,,,,,,,
CENTER,350004,SAGUACHE ,,C,"A,B,C,E,K",,9.4000,State,2.9000,4.0000,County,2.5000,0.0000,City,4.0000,3.3300,,,,,,,,,,,,,,,,,,,,,,,,,,,
CENTRAL CITY ,600005,GILPIN ,Self-collected,,,,8.9000,State,2.9000,4.0000,City,6.0000,3.3300,,,,,,,,,,,,,,,,,,,,,,,,,,,,,,
CHERAW,090007,OTERO ,,,"A,B,C,E,K",,3.9000,State,2.9000,4.0000,County,1.0000,3.3300,,,,,,,,,,,,,,,,,,,,,,,,,,,,,,
CHERRY HILLS VLG (MAIL VIA ENGLEWOOD),100031,ARAPAHOE,Self-collected,,"A,B,C,D,E,G,H,K,M",,7.7500,State,2.9000,4.0000,County,0.2500,0.5000,City,3.5000,2.5000,RTD,1.0000,3.3300,CD,0.1000,3.3300,,,,,,,,,,,,,,,,,,,,,
CHEYENNE WELLS,460006,CHEYENNE ,,"A,B,C,D,K",,,4.9000,State,2.9000,4.0000,City,2.0000,3.3300,,,,,,,,,,,,,,,,,,,,,,,,,,,,,,
CLIFTON,080007,MESA,,,"A,B,C,D,E,G,H,K,M",,5.2700,State,2.9000,4.0000,County,2.0000,3.3300,PSI,0.3700,3.3300,,,,,,,,,,,,,,,,,,,,,,,,,,,
COAL CREEK,140010,FREMONT ,,,"A,B,C,D,E,G,H,K,M",,5.4000,State,2.9000,4.0000,County,2.5000,3.3300,,,,,,,,,,,,,,,,,,,,,,,,,,,,,,
COKEDALE,050019,LAS ANIMAS,,,,,4.4000,State,2.9000,4.0000,County,1.5000,3.3300,,,,,,,,,,,,,,,,,,,,,,,,,,,,,,
COLLBRAN,080008,MESA,,"A,B,C,K","A,B,C,D,E,G,H,K,M",,7.2700,State,2.9000,4.0000,County,2.0000,3.3300,City,2.0000,3.3300,PSI,0.3700,3.3300,,,,,,,,,,,,,,,,,,,,,,,,
COLORADO SPRINGS ,040017,EL PASO,Self-collected,,"A,B,C,K",,8.2000,State,2.9000,4.0000,County,1.2300,0.0000,City,3.0700,0.0000,RTA,1.0000,0.0000,,,,,,,,,,,,,,,,,,,,,,,,
COLORADO SPRINGS (COMMERCIAL AERONAUTICAL ZONE),040001,EL PASO,Self-collected,,"A,B,C,K",,7.2000,State,2.9000,4.0000,County,1.2300,0.0000,City,3.0700,0.0000,,,,,,,,,,,,,,,,,,,,,,,,,,,
COLUMBINE VALLEY (MAIL VIA LITTLETON),100032,ARAPAHOE,,"A,B,C,K","A,B,C,D,E,G,H,K,M",,7.2500,State,2.9000,4.0000,County,0.2500,0.5000,City,3.0000,3.3300,RTD,1.0000,3.3300,CD,0.1000,3.3300,,,,,,,,,,,,,,,,,,,,,
COMMERCE CITY,120055,ADAMS ,Self-collected,,"A,B,C,D,E,G,H,K",,9.2500,State,2.9000,4.0000,County,0.7500,0.0000,City,4.5000,2.0000,RTD,1.0000,3.3300,CD,0.1000,3.3300,,,,,,,,,,,,,,,,,,,,,
COMO(IN HEALTH SERVICES DISTRICT),540005,PARK ,,,"A,B,C,D,K",,4.9000,State,2.9000,4.0000,County,1.0000,3.3300,HSD,1.0000,3.3300,,,,,,,,,,,,,,,,,,,,,,,,,,,
CONIFER METROPOLITAN DISTRICT,110157,JEFFERSON ,,,,,5.2500,State,2.9000,4.0000,County,0.5000,3.3300,RTD,1.0000,3.3300,CD,0.1000,3.3300,MDT,0.7500,3.3300,,,,,,,,,,,,,,,,,,,,,
CONIFER UNINCORPORATED (ASPEN PARK METROPOLITAN DISTRICT),110150,JEFFERSON ,,,,,5.0000,State,2.9000,4.0000,County,0.5000,3.3300,RTD,1.0000,3.3300,CD,0.1000,3.3300,MDT,0.5000,3.3300,,,,,,,,,,,,,,,,,,,,,
CONNERS (MAIL VIA ARVADA),110004,JEFFERSON ,,,,,4.5000,State,2.9000,4.0000,County,0.5000,3.3300,RTD,1.0000,3.3300,CD,0.1000,3.3300,,,,,,,,,,,,,,,,,,,,,,,,
COPPER MOUNTAIN (MAIL VIA FRISCO),610023,SUMMIT ,,,,,6.3750,State,2.9000,4.0000,County,2.0000,3.3300,MTS,0.7500,3.3300,MHA,0.7250,3.3300,,,,,,,,,,,,,,,,,,,,,,,,
CORTEZ ,320005,MONTEZUMA ,Self-collected,,,,7.3500,State,2.9000,4.0000,City,4.0500,1.3000,HSD,0.4000,3.3300,,,,,,,,,,,,,,,,,,,,,,,,,,,
CRAIG ,420004,MOFFAT (CRAIG IGA),Self-collected,,"E, K,M",,8.9000,State,2.9000,4.0000,County,2.0000,3.3300,City,4.0000,3.3300,,,,,,,,,,,,,,,,,,,,,,,,,,,
CRAWFORD,180010,DELTA,,,"E,F",,7.7000,State,2.9000,4.0000,County,2.0000,3.3300,City,2.0000,3.3300,PSI,0.8000,3.3300,,,,,,,,,,,,,,,,,,,,,,,,
CREEDE,620002,MINERAL ,,,,,9.5000,State,2.9000,4.0000,County,2.6000,3.3300,City,4.0000,3.3300,,,,,,,,,,,,,,,,,,,,,,,,,,,
CRESTED BUTTE ,400017,GUNNISON,Self-collected,,,,9.4000,State,2.9000,4.0000,County,1.0000,3.3300,City,4.5000,1.5000,RTA,1.0000,0.0000,,,,,,,,,,,,,,,,,,,,,,,,
CRESTONE,350007,SAGUACHE ,,,"A,B,C,E,K",,8.9000,State,2.9000,4.0000,County,2.5000,0.0000,City,3.5000,0.0000,,,,,,,,,,,,,,,,,,,,,,,,,,,
CRIPPLE CREEK,430006,TELLER ,,A,"A,B,C,K",,6.2000,State,2.9000,4.0000,County,1.0000,3.3300,City,2.3000,0.0000,,,,,,,,,,,,,,,,,,,,,,,,,,,
CROOK,130006,LOGAN ,,,"E,M",,3.9000,State,2.9000,4.0000,County,1.0000,0.0000,,,,,,,,,,,,,,,,,,,,,,,,,,,,,,
CROWLEY,360001,CROWLEY ,,,,,4.9000,State,2.9000,4.0000,County,2.0000,3.3300,,,,,,,,,,,,,,,,,,,,,,,,,,,,,,
DACONO,030028,WELD,Self-collected,,,,5.9000,State,2.9000,4.0000,City,3.0000,3.3300,,,,,,,,,,,,,,,,,,,,,,,,,,,,,,
DE BEQUE,080009,MESA,,"A,B,C,K","A,B,C,D,E,G,H,K,M",,7.2700,State,2.9000,4.0000,County,2.0000,3.3300,City,2.0000,3.3300,PSI,0.3700,3.3300,,,,,,,,,,,,,,,,,,,,,,,,
DEER TRAIL,100005,ARAPAHOE,,,"A,B,C,D,E,G,H,K,M",,3.2500,State,2.9000,4.0000,County,0.2500,0.5000,CD,0.1000,3.3300,,,,,,,,,,,,,,,,,,,,,,,,,,,
DEL NORTE,230002,RIO GRANDE,,,,,7.5000,State,2.9000,4.0000,County,2.6000,3.3300,City,2.0000,3.3300,,,,,,,,,,,,,,,,,,,,,,,,,,,
DELTA ,180011,DELTA,Self-collected,,"E,F",,8.7000,State,2.9000,4.0000,County,2.0000,3.3300,City,3.0000,0.0000,PSI,0.8000,3.3300,,,,,,,,,,,,,,,,,,,,,,,,
DENVER,010006,DENVER,Self-collected,,,,8.8100,State,2.9000,4.0000,City,4.8100,0.0000,RTD,1.0000,3.3300,CD,0.1000,3.3300,,,,,,,,,,,,,,,,,,,,,,,,
DILLON ,610005,SUMMIT (DILLON IGA),State-collected,,,,8.8750,State,2.9000,4.0000,County,2.0000,3.3300,City,2.5000,0.0000,MTS,0.7500,3.3300,MHA,0.7250,3.3300,,,,,,,,,,,,,,,,,,,,,
DINOSAUR,420001,MOFFAT (DINOSAUR IGA),,"C,D","E, K,M",,7.0000,State,2.9000,4.0000,County,2.0000,3.3300,City,2.1000,3.3300,,,,,,,,,,,,,,,,,,,,,,,,,,,
DIVIDE,430007,TELLER ,,,"A,B,C,K",,4.4000,State,2.9000,4.0000,County,1.0000,3.3300,HSD,0.5000,3.3300,,,,,,,,,,,,,,,,,,,,,,,,,,,
DOLORES,320006,MONTEZUMA ,,,,,6.8000,State,2.9000,4.0000,City,3.5000,0.0000,HSD,0.4000,3.3300,,,,,,,,,,,,,,,,,,,,,,,,,,,
DOVE CREEK,580004,DOLORES,,C,,,4.9000,State,2.9000,4.0000,City,2.0000,3.3300,,,,,,,,,,,,,,,,,,,,,,,,,,,,,,
DRAKE,060025,LARIMER,,,"A,B,C,D,E,G,H,K",,3.7000,State,2.9000,4.0000,County,0.8000,2.2200,,,,,,,,,,,,,,,,,,,,,,,,,,,,,,
DURANGO ,200014,LA PLATA ,Self-collected,,"D,E,H,K,M",,8.4000,State,2.9000,4.0000,County,2.0000,3.3300,City,3.5000,3.3300,,,,,,,,,,,,,,,,,,,,,,,,,,,
EADS,450006,KIOWA,,,,,4.9000,State,2.9000,4.0000,City,2.0000,3.3300,,,,,,,,,,,,,,,,,,,,,,,,,,,,,,
EAGLE,440022,EAGLE ,,,"A,B,C,K","A,B,C,K",8.9000,State,2.9000,4.0000,County,1.0000,3.3300,City,4.5000,3.3300,MTS,0.5000,3.3300,,,,,,,,,,,,,,,,,,,,,,,,
EAGLE-VAIL METROPOLITAN DISTRICT,440068,EAGLE ,,,"A,B,C,K","A,B,C,K",5.4000,State,2.9000,4.0000,County,1.0000,3.3300,MTS,0.5000,3.3300,MDT,1.0000,3.3300,,,,,,,,,,,,,,,,,,,,,,,,
EATON,030036,WELD,,,,,5.9000,State,2.9000,4.0000,City,3.0000,3.3300,,,,,,,,,,,,,,,,,,,,,,,,,,,,,,
ECKLEY,190005,YUMA ,,,,,5.0000,State,2.9000,4.0000,City,2.1000,3.3300,,,,,,,,,,,,,,,,,,,,,,,,,,,,,,
EDGEWATER ,110032,JEFFERSON ,Self-collected,,,,8.0000,State,2.9000,4.0000,County,0.5000,3.3300,City,3.5000,2.0000,RTD,1.0000,3.3300,CD,0.1000,3.3300,,,,,,,,,,,,,,,,,,,,,
EDWARDS METROPOLITAN DISTRICT,440066,EAGLE ,,,"A,B,C,K","A,B,C,K",5.4000,State,2.9000,4.0000,County,1.0000,3.3300,MTS,0.5000,3.3300,MDT,1.0000,3.3300,,,,,,,,,,,,,,,,,,,,,,,,
ELIZABETH,340006,ELBERT ,,,"A,B,C,D,E,G,H,K",,7.9000,State,2.9000,4.0000,County,1.0000,3.3300,City,4.0000,3.3300,,,,,,,,,,,,,,,,,,,,,,,,,,,
EMPIRE,510007,CLEAR CREEK ,,,,,9.5500,State,2.9000,4.0000,County,1.6500,0.0000,City,5.0000,0.0000,,,,,,,,,,,,,,,,,,,,,,,,,,,
ENGLEWOOD,100006,ARAPAHOE,Self-collected,,"A,B,C,D,E,G,H,K,M",,7.7500,State,2.9000,4.0000,County,0.2500,0.5000,City,3.5000,0.0000,RTD,1.0000,3.3300,CD,0.1000,3.3300,,,,,,,,,,,,,,,,,,,,,
ERIE,070081,BOULDER ,,"C,D,M","A,B,C,K",,8.4850,State,2.9000,4.0000,County,0.9850,0.0000,City,3.5000,3.3300,RTD,1.0000,3.3300,CD,0.1000,3.3300,,,,,,,,,,,,,,,,,,,,,
ERIE ,030039,WELD,,"C,D,M",,,6.4000,State,2.9000,4.0000,City,3.5000,3.3300,,,,,,,,,,,,,,,,,,,,,,,,,,,,,,
ERIE (RTD ONLY),030082,WELD,,"C,D,M",,,7.4000,State,2.9000,4.0000,City,3.5000,3.3300,RTD,1.0000,3.3300,,,,,,,,,,,,,,,,,,,,,,,,,,,
ESTES PARK,060027,LARIMER,,,"A,B,C,D,E,G,H,K",,8.7000,State,2.9000,4.0000,County,0.8000,2.2200,City,5.0000,3.3300,,,,,,,,,,,,,,,,,,,,,,,,,,,
EVANS,030041,WELD,Self-collected,,,,7.4000,State,2.9000,4.0000,City,4.5000,3.3300,,,,,,,,,,,,,,,,,,,,,,,,,,,,,,
FAIRPLAY(IN HEALTH SERVICES DISTRICT),540007,PARK ,,A,"A,B,C,D,K",,8.9000,State,2.9000,4.0000,County,1.0000,3.3300,City,4.0000,3.3300,HSD,1.0000,3.3300,,,,,,,,,,,,,,,,,,,,,,,,
FEDERAL HEIGHTS,120016,ADAMS ,Self-collected,,"A,B,C,D,E,G,H,K",,8.7500,State,2.9000,4.0000,County,0.7500,0.0000,City,4.0000,0.0000,RTD,1.0000,3.3300,CD,0.1000,3.3300,,,,,,,,,,,,,,,,,,,,,
FIRESTONE,030043,WELD,,"A,B,K",,,6.5000,State,2.9000,4.0000,City,3.6000,0.0000,,,,,,,,,,,,,,,,,,,,,,,,,,,,,,
FIRESTONE (1st PIF),030154,WELD,,,,"A,B,K",5.2500,State,2.9000,4.0000,City,2.3500,0.0000,,,,,,,,,,,,,,,,,,,,,,,,,,,,,,
FIRESTONE (2nd PIF),030155,WELD,,,,"A,B,K",5.0000,State,2.9000,4.0000,City,2.1000,0.0000,,,,,,,,,,,,,,,,,,,,,,,,,,,,,,
FLAGLER,260004,KIT CARSON,,"B,C,K",,,4.9000,State,2.9000,4.0000,City,2.0000,3.3300,,,,,,,,,,,,,,,,,,,,,,,,,,,,,,
FLEMING,130008,LOGAN ,,"B,C,D, E, G, H, K,M","E,M",,5.9000,State,2.9000,4.0000,County,1.0000,0.0000,City,2.0000,2.2200,,,,,,,,,,,,,,,,,,,,,,,,,,,
FLORENCE,140022,FREMONT ,,,"A,B,C,D,E,G,H,K,M",,7.9000,State,2.9000,4.0000,County,2.5000,3.3300,City,2.5000,3.3300,,,,,,,,,,,,,,,,,,,,,,,,,,,
FLORISSANT,430011,TELLER ,,,"A,B,C,K",,4.4000,State,2.9000,4.0000,County,1.0000,3.3300,HSD,0.5000,3.3300,,,,,,,,,,,,,,,,,,,,,,,,,,,
FLORISSANT,540027,PARK ,,,"A,B,C,D,K",,4.4000,State,2.9000,4.0000,County,1.0000,3.3300,HSD,0.5000,3.3300,,,,,,,,,,,,,,,,,,,,,,,,,,,
FOUNTAIN ,040031,EL PASO,State-collected,"A,B,C,K","A,B,C,K",,7.5300,State,2.9000,4.0000,County,1.2300,0.0000,City,3.4000,0.0000,,,,,,,,,,,,,,,,,,,,,,,,,,,
FOUNTAIN (in PPRTA),040099,EL PASO,State-collected,"A,B,C,K","A,B,C,K",,8.5300,State,2.9000,4.0000,County,1.2300,0.0000,City,3.4000,0.0000,RTA,1.0000,0.0000,,,,,,,,,,,,,,,,,,,,,,,,
FOWLER,090011,OTERO ,,"B,C,K","A,B,C,E,K",,6.9000,State,2.9000,4.0000,County,1.0000,3.3300,City,3.0000,3.3300,,,,,,,,,,,,,,,,,,,,,,,,,,,
FOXFIELD,100009,ARAPAHOE,,"A,B,C,K","A,B,C,D,E,G,H,K,M",,8.0000,State,2.9000,4.0000,County,0.2500,0.5000,City,3.7500,0.0000,RTD,1.0000,3.3300,CD,0.1000,3.3300,,,,,,,,,,,,,,,,,,,,,
FRANKTOWN (CD ONLY UNINCORPORATED),470006,DOUGLAS ,,,"A,B,C,D,E,G,K,M,O,P,Q",,4.0000,State,2.9000,4.0000,County,1.0000,2.3300,CD,0.1000,3.3300,,,,,,,,,,,,,,,,,,,,,,,,,,,
FRANKTOWN (RTD),470007,DOUGLAS ,,,"A,B,C,D,E,G,K,M,O,P,Q",,5.0000,State,2.9000,4.0000,County,1.0000,2.3300,RTD,1.0000,3.3300,CD,0.1000,3.3300,,,,,,,,,,,,,,,,,,,,,,,,
FRASER,530007,GRAND ,,,,,9.2000,State,2.9000,4.0000,County,1.3000,3.3300,City,5.0000,0.0000,,,,,,,,,,,,,,,,,,,,,,,,,,,
FREDERICK,030046,WELD,,"A,B,C,K",,,6.4000,State,2.9000,4.0000,City,3.5000,3.3300,,,,,,,,,,,,,,,,,,,,,,,,,,,,,,
FRISCO ,610007,SUMMIT (FRISCO IGA),Self-collected,,,,8.3750,State,2.9000,4.0000,County,2.0000,3.3300,City,2.0000,3.3300,MTS,0.7500,3.3300,MHA,0.7250,3.3300,,,,,,,,,,,,,,,,,,,,,
FRUITA ,080014,MESA,State-collected,"A,E","A,B,C,D,E,G,H,K,M",,8.2700,State,2.9000,4.0000,County,2.0000,3.3300,City,3.0000,3.3300,PSI,0.3700,3.3300,,,,,,,,,,,,,,,,,,,,,,,,
FT COLLINS ,060031,LARIMER,Self-collected,,"A,B,C,D,E,G,H,K",,7.5500,State,2.9000,4.0000,County,0.8000,2.2200,City,3.8500,0.0000,,,,,,,,,,,,,,,,,,,,,,,,,,,
FT LUPTON,030044,WELD,,,,,6.9000,State,2.9000,4.0000,City,4.0000,3.3300,,,,,,,,,,,,,,,,,,,,,,,,,,,,,,
FT MORGAN ,150008,MORGAN ,State-collected,,,,6.9000,State,2.9000,4.0000,City,4.0000,3.3300,,,,,,,,,,,,,,,,,,,,,,,,,,,,,,
GARDEN CITY (MAIL VIA GREELEY),030050,WELD,,,,,5.9000,State,2.9000,4.0000,City,3.0000,3.3300,,,,,,,,,,,,,,,,,,,,,,,,,,,,,,
GATEWAY (LID),080045,MESA,,,"A,B,C,D,E,G,H,K,M",,6.2700,State,2.9000,4.0000,County,2.0000,3.3300,LID,1.0000,0.0000,PSI,0.3700,3.3300,,,,,,,,,,,,,,,,,,,,,,,,
GENOA,330009,LINCOLN ,,,E,,4.9000,State,2.9000,4.0000,County,2.0000,3.3300,,,,,,,,,,,,,,,,,,,,,,,,,,,,,,
GEORGETOWN,510010,CLEAR CREEK ,,,,,9.0500,State,2.9000,4.0000,County,1.6500,0.0000,City,4.5000,0.0000,,,,,,,,,,,,,,,,,,,,,,,,,,,
GILCREST,030052,WELD,,,,,6.9000,State,2.9000,4.0000,City,4.0000,4.0000,,,,,,,,,,,,,,,,,,,,,,,,,,,,,,
GLEN HAVEN,060034,LARIMER,,,"A,B,C,D,E,G,H,K",,3.7000,State,2.9000,4.0000,County,0.8000,2.2200,,,,,,,,,,,,,,,,,,,,,,,,,,,,,,
GLENDALE ,100033,ARAPAHOE,Self-collected,,"A,B,C,D,E,G,H,K,M",,8.0000,State,2.9000,4.0000,County,0.2500,0.5000,City,3.7500,0.0000,RTD,1.0000,3.3300,CD,0.1000,3.3300,,,,,,,,,,,,,,,,,,,,,
GLENWOOD SPRINGS ,240016,GARFIELD ,Self-collected,,"A,B,C,K",,8.6000,State,2.9000,4.0000,County,1.0000,3.3300,City,3.7000,0.0000,RTA,1.0000,0.0000,,,,,,,,,,,,,,,,,,,,,,,,
GOLDEN ,110042,JEFFERSON ,Self-collected,,,,7.5000,State,2.9000,4.0000,County,0.5000,3.3300,City,3.0000,0.0000,RTD,1.0000,3.3300,CD,0.1000,3.3300,,,,,,,,,,,,,,,,,,,,,
GRANADA,170010,PROWERS,,,,,5.9000,State,2.9000,4.0000,County,1.0000,3.3300,City,2.0000,3.3300,,,,,,,,,,,,,,,,,,,,,,,,,,,
GRANBY,530009,GRAND ,,,,,8.2000,State,2.9000,4.0000,County,1.3000,3.3300,City,4.0000,3.3300,,,,,,,,,,,,,,,,,,,,,,,,,,,
GRAND JUNCTION ,080018,MESA,Self-collected,,"A,B,C,D,E,G,H,K,M",,8.5200,State,2.9000,4.0000,County,2.0000,3.3300,City,3.2500,3.3300,PSI,0.3700,3.3300,,,,,,,,,,,,,,,,,,,,,,,,
GRAND LAKE,530010,GRAND ,,,,,9.2000,State,2.9000,4.0000,County,1.3000,3.3300,City,5.0000,3.3300,,,,,,,,,,,,,,,,,,,,,,,,,,,
GREELEY ,030057,WELD,Self-collected,,,,7.0100,State,2.9000,4.0000,City,4.1100,0.0000,,,,,,,,,,,,,,,,,,,,,,,,,,,,,,
GREEN MTN FALLS,040038,EL PASO,,,"A,B,C,K",,8.1300,State,2.9000,4.0000,County,1.2300,0.0000,City,3.0000,2.0000,RTA,1.0000,0.0000,,,,,,,,,,,,,,,,,,,,,,,,
GREEN MTN FALLS,430031,TELLER ,,,"A,B,C,K",,6.9000,State,2.9000,4.0000,County,1.0000,3.3300,City,3.0000,2.0000,,,,,,,,,,,,,,,,,,,,,,,,,,,
GREENWOOD VILLAGE (MAIL VIA ENGLEWOOD),100034,ARAPAHOE,Self-collected,,"A,B,C,D,E,G,H,K,M",,7.2500,State,2.9000,4.0000,County,0.2500,0.5000,City,3.0000,0.0000,RTD,1.0000,3.3300,CD,0.1000,3.3300,,,,,,,,,,,,,,,,,,,,,
GROVER,030060,WELD,,,,,2.9000,State,2.9000,4.0000,,,,,,,,,,,,,,,,,,,,,,,,,,,,,,,,,
GUNNISON,400027,GUNNISON,Self-collected,,,,8.9000,State,2.9000,4.0000,County,1.0000,3.3300,City,4.0000,4.0000,RTA,1.0000,0.0000,,,,,,,,,,,,,,,,,,,,,,,,
GYPSUM ,440026,EAGLE ,Self-collected,,"A,B,C,K","A,B,C,K",7.4000,State,2.9000,4.0000,County,1.0000,3.3300,City,3.0000,3.3300,MTS,0.5000,3.3300,,,,,,,,,,,,,,,,,,,,,,,,
GYPSUM UNINCORPORATED (TWO RIVERS METROPOLITAN DISTRICT),440065,EAGLE ,,,"A,B,C,K","A,B,C,K",8.4000,State,2.9000,4.0000,County,1.0000,3.3300,MTS,0.5000,3.3300,MDT,4.0000,3.3300,,,,,,,,,,,,,,,,,,,,,,,,
HARTMAN,170012,PROWERS,,,,,3.9000,State,2.9000,4.0000,County,1.0000,3.3300,,,,,,,,,,,,,,,,,,,,,,,,,,,,,,
HARTSEL(IN HEALTH SERVICES DISTRICT),540017,PARK ,,,"A,B,C,D,K",,4.9000,State,2.9000,4.0000,County,1.0000,3.3300,HSD,1.0000,3.3300,,,,,,,,,,,,,,,,,,,,,,,,,,,
HASWELL,450009,KIOWA,,,,,2.9000,State,2.9000,4.0000,,,,,,,,,,,,,,,,,,,,,,,,,,,,,,,,,
HAXTUN,370003,PHILLIPS,,,E,,7.4000,State,2.9000,4.0000,County,1.0000,3.3300,City,3.5000,3.3300,,,,,,,,,,,,,,,,,,,,,,,,,,,
HAYDEN,280020,ROUTT ,,,"A,B,C,K",,8.9000,State,2.9000,4.0000,County,1.0000,3.3300,City,5.0000,3.3300,,,,,,,,,,,,,,,,,,,,,,,,,,,
HIGHLANDS RANCH,470028,DOUGLAS ,,,"A,B,C,D,E,G,K,M,O,P,Q",,5.0000,State,2.9000,4.0000,County,1.0000,2.3300,RTD,1.0000,3.3300,CD,0.1000,3.3300,,,,,,,,,,,,,,,,,,,,,,,,
HIGHLANDS RANCH (CD ONLY),470029,DOUGLAS ,,,"A,B,C,D,E,G,K,M,O,P,Q",,4.0000,State,2.9000,4.0000,County,1.0000,2.3300,CD,0.1000,3.3300,,,,,,,,,,,,,,,,,,,,,,,,,,,
HILLROSE,150013,MORGAN ,,,,,2.9000,State,2.9000,4.0000,,,,,,,,,,,,,,,,,,,,,,,,,,,,,,,,,
HOLLY,170013,PROWERS,,,,,6.9000,State,2.9000,4.0000,County,1.0000,3.3300,City,3.0000,3.3300,,,,,,,,,,,,,,,,,,,,,,,,,,,
HOLYOKE,370004,PHILLIPS,State-collected,,E,,5.4000,State,2.9000,4.0000,County,1.0000,3.3300,City,1.5000,3.3300,,,,,,,,,,,,,,,,,,,,,,,,,,,
HOOPER,300010,ALAMOSA ,,,,,7.9000,State,2.9000,4.0000,County,3.0000,3.3300,City,2.0000,0.0000,,,,,,,,,,,,,,,,,,,,,,,,,,,
HOT SULPHUR SPRINGS,530017,GRAND ,,"A,B,C,K",,,8.2000,State,2.9000,4.0000,County,1.3000,3.3300,City,4.0000,3.3300,,,,,,,,,,,,,,,,,,,,,,,,,,,
HOTCHKISS,180018,DELTA,,,"E,F",,7.7000,State,2.9000,4.0000,County,2.0000,3.3300,City,2.0000,3.3300,PSI,0.8000,3.3300,,,,,,,,,,,,,,,,,,,,,,,,
HUDSON,030070,WELD,,A,,,6.9000,State,2.9000,4.0000,City,4.0000,3.3300,,,,,,,,,,,,,,,,,,,,,,,,,,,,,,
HUGO,330012,LINCOLN ,,"B,K",E,,6.9000,State,2.9000,4.0000,County,2.0000,3.3300,City,2.0000,3.3300,,,,,,,,,,,,,,,,,,,,,,,,,,,
IDAHO SPRINGS,510011,CLEAR CREEK ,,,,,8.5500,State,2.9000,4.0000,County,1.6500,0.0000,City,4.0000,0.0000,,,,,,,,,,,,,,,,,,,,,,,,,,,
IGNACIO,200023,LA PLATA ,,,"D,E,H,K,M",,7.9000,State,2.9000,4.0000,County,2.0000,3.3300,City,3.0000,3.3300,,,,,,,,,,,,,,,,,,,,,,,,,,,
ILIFF,130014,LOGAN ,,,"E,M",,3.9000,State,2.9000,4.0000,County,1.0000,0.0000,,,,,,,,,,,,,,,,,,,,,,,,,,,,,,
JAMESTOWN,070033,BOULDER ,,,"A,B,C,K",,4.9850,State,2.9000,4.0000,County,0.9850,0.0000,RTD,1.0000,3.3300,CD,0.1000,3.3300,,,,,,,,,,,,,,,,,,,,,,,,
JEFFERSON(IN HEALTH SERVICES DISTRICT),540020,PARK ,,,"A,B,C,D,K",,4.9000,State,2.9000,4.0000,County,1.0000,3.3300,HSD,1.0000,3.3300,,,,,,,,,,,,,,,,,,,,,,,,,,,
JOHNSTOWN ,030075,WELD,State-collected,,,,6.4000,State,2.9000,4.0000,City,3.5000,3.3300,,,,,,,,,,,,,,,,,,,,,,,,,,,,,,
JOHNSTOWN ,060086,LARIMER,State-collected,,"A,B,C,D,E,G,H,K",,7.2000,State,2.9000,4.0000,County,0.8000,2.2200,City,3.5000,3.3300,,,,,,,,,,,,,,,,,,,,,,,,,,,
JOHNSTOWN in PIF,060087,LARIMER,State-collected,,"A,B,C,D,E,G,H,K",,5.2000,State,2.9000,4.0000,County,0.8000,2.2200,City,1.5000,3.3300,,,,,,,,,,,,,,,,,,,,,,,,,,,
JULESBURG,390004,SEDGWICK,,,"D,E,H",,6.9000,State,2.9000,4.0000,County,3.0000,3.3300,City,1.0000,3.3300,,,,,,,,,,,,,,,,,,,,,,,,,,,
KEENESBURG,030078,WELD,,A,,,5.9000,State,2.9000,4.0000,City,3.0000,3.3300,,,,,,,,,,,,,,,,,,,,,,,,,,,,,,
KERSEY,030080,WELD,,,,,6.5000,State,2.9000,4.0000,City,3.6000,3.3300,,,,,,,,,,,,,,,,,,,,,,,,,,,,,,
KEYSTONE,610024,SUMMIT ,,,,,6.3750,State,2.9000,4.0000,County,2.0000,3.3300,MTS,0.7500,3.3300,MHA,0.7250,3.3300,,,,,,,,,,,,,,,,,,,,,,,,
KIM,050053,LAS ANIMAS,,,,,4.4000,State,2.9000,4.0000,County,1.5000,3.3300,,,,,,,,,,,,,,,,,,,,,,,,,,,,,,
KIOWA,340008,ELBERT ,State-collected,,"A,B,C,D,E,G,H,K",,5.4000,State,2.9000,4.0000,County,1.0000,3.3300,City,1.5000,3.3300,,,,,,,,,,,,,,,,,,,,,,,,,,,
KIT CARSON,460009,CHEYENNE ,,,,,4.9000,State,2.9000,4.0000,City,2.0000,3.3300,,,,,,,,,,,,,,,,,,,,,,,,,,,,,,
KREMMLING,530012,GRAND ,,,,,8.2000,State,2.9000,4.0000,County,1.3000,3.3300,City,4.0000,3.3300,,,,,,,,,,,,,,,,,,,,,,,,,,,
LA JARA,250010,CONEJOS ,,,,,5.9000,State,2.9000,4.0000,City,3.0000,3.3300,,,,,,,,,,,,,,,,,,,,,,,,,,,,,,
LA JUNTA ,090016,OTERO ,Self-collected,,"A,B,C,E,K",,7.9000,State,2.9000,4.0000,County,1.0000,3.3300,City,3.0000,3.0000,HSD,1.0000,3.3300,,,,,,,,,,,,,,,,,,,,,,,,
LA SALLE,030085,WELD,,,,,6.4000,State,2.9000,4.0000,City,3.5000,3.3300,,,,,,,,,,,,,,,,,,,,,,,,,,,,,,
LA VETA,160031,HUERFANO ,,,,,9.4000,State,2.9000,4.0000,County,3.0000,3.3300,City,3.5000,3.3300,,,,,,,,,,,,,,,,,,,,,,,,,,,
LAFAYETTE ,070034,BOULDER ,Self-collected,,"A,B,C,K",,8.4850,State,2.9000,4.0000,County,0.9850,0.0000,City,3.5000,2.5000,RTD,1.0000,3.3300,CD,0.1000,3.3300,,,,,,,,,,,,,,,,,,,,,
LAKE CITY,630002,HINSDALE ,,,,,7.9000,State,2.9000,4.0000,County,5.0000,3.3300,,,,,,,,,,,,,,,,,,,,,,,,,,,,,,
LAKE GEORGE,540021,PARK ,,,"A,B,C,D,K",,4.4000,State,2.9000,4.0000,County,1.0000,3.3300,HSD,0.5000,3.3300,,,,,,,,,,,,,,,,,,,,,,,,,,,
LAKESIDE,110058,JEFFERSON ,,,,,7.3000,State,2.9000,4.0000,County,0.5000,3.3300,City,2.8000,0.0000,RTD,1.0000,3.3300,CD,0.1000,3.3300,,,,,,,,,,,,,,,,,,,,,
LAKESIDE (PIF),110151,JEFFERSON ,,,,,5.8000,State,2.9000,4.0000,County,0.5000,3.3300,City,1.3000,0.0000,RTD,1.0000,3.3300,CD,0.1000,3.3300,,,,,,,,,,,,,,,,,,,,,
LAKEWOOD ,110059,JEFFERSON ,Self-collected,,,,7.5000,State,2.9000,4.0000,County,0.5000,3.3300,City,3.0000,0.0000,RTD,1.0000,3.3300,CD,0.1000,3.3300,,,,,,,,,,,,,,,,,,,,,
LAKEWOOD (WITHIN LOCAL IMPROVEMENT DIST),110060,JEFFERSON ,,,,,7.9300,State,2.9000,4.0000,County,0.5000,3.3300,City,3.0000,0.0000,RTD,1.0000,3.3300,CD,0.1000,3.3300,LID,0.4300,3.3300,,,,,,,,,,,,,,,,,,
LAMAR ,170017,PROWERS,Self-collected,,,,6.9000,State,2.9000,4.0000,County,1.0000,3.3300,City,3.0000,3.3300,,,,,,,,,,,,,,,,,,,,,,,,,,,
LARKSPUR ,470012,DOUGLAS ,Self-collected,,"A,B,C,D,E,G,K,M,O,P,Q",,7.9000,State,2.9000,4.0000,County,1.0000,2.3300,City,4.0000,0.0000,,,,,,,,,,,,,,,,,,,,,,,,,,,
LAS ANIMAS,290016,BENT ,,,,,6.9000,State,2.9000,4.0000,County,1.0000,0.0000,City,3.0000,3.3300,,,,,,,,,,,,,,,,,,,,,,,,,,,
LEADVILLE,410024,LAKE ,,,,,6.9000,State,2.9000,4.0000,County,4.0000,3.3300,,,,,,,,,,,,,,,,,,,,,,,,,,,,,,
LIMON,330016,LINCOLN ,,"D,E,M",E,,7.6500,State,2.9000,4.0000,County,2.0000,3.3300,City,2.7500,3.3300,,,,,,,,,,,,,,,,,,,,,,,,,,,
LITTLETON ,100011,ARAPAHOE,Self-collected,,"A,B,C,D,E,G,H,K,M",,7.2500,State,2.9000,4.0000,County,0.2500,0.5000,City,3.0000,2.5000,RTD,1.0000,3.3300,CD,0.1000,3.3300,,,,,,,,,,,,,,,,,,,,,
LITTLETON ,470027,DOUGLAS ,Self-collected,,"A,B,C,D,E,G,K,M,O,P,Q",,8.0000,State,2.9000,4.0000,County,1.0000,2.3300,City,3.0000,2.5000,RTD,1.0000,3.3300,CD,0.1000,3.3300,,,,,,,,,,,,,,,,,,,,,
LITTLETON (IN SE JEFFERSON LID),110145,JEFFERSON ,Self-collected,,,"I,J",7.9300,State,2.9000,4.0000,County,0.5000,3.3300,City,3.0000,2.5000,RTD,1.0000,3.3300,CD,0.1000,3.3300,LID,0.4300,3.3300,,,,,,,,,,,,,,,,,,
LITTLETON (INCORPORATED CD ONLY),470041,DOUGLAS ,,,"A,B,C,D,E,G,K,M,O,P,Q",,4.0000,State,2.9000,4.0000,County,1.0000,2.3300,CD,0.1000,3.3300,,,,,,,,,,,,,,,,,,,,,,,,,,,
LITTLETON (LINCOLN STATION LOCAL IMPROVEMENT DISTRICT),470042,DOUGLAS ,,,"A,B,C,D,E,G,K,M,O,P,Q",,5.5000,State,2.9000,4.0000,County,1.0000,2.3300,RTD,1.0000,3.3300,CD,0.1000,3.3300,LID,0.5000,0.0000,,,,,,,,,,,,,,,,,,,,,
LITTLETON UNINCORPORATED (SOUTHWEST PLAZA METROPOLITAN DISTRICT),110155,JEFFERSON ,,,,,6.5000,State,2.9000,4.0000,County,0.5000,3.3300,RTD,1.0000,3.3300,CD,0.1000,3.3300,LID,0.5000,3.3300,MDT,1.5000,3.3300,,,,,,,,,,,,,,,,,,
LITTLETON-DOUGLAS (INCORPORATED CD ONLY),470048,DOUGLAS ,,,"A,B,C,D,E,G,K,M,O,P,Q",,4.0000,State,2.9000,4.0000,County,1.0000,2.3300,CD,0.1000,3.3300,,,,,,,,,,,,,,,,,,,,,,,,,,,
LOCHBUIE,030150,WELD,,,,,6.9000,State,2.9000,4.0000,City,4.0000,0.0000,,,,,,,,,,,,,,,,,,,,,,,,,,,,,,
LOCHBUIE,120061,ADAMS ,,,"A,B,C,D,E,G,H,K",,8.7500,State,2.9000,4.0000,County,0.7500,0.0000,City,4.0000,0.0000,RTD,1.0000,3.3300,CD,0.1000,3.3300,,,,,,,,,,,,,,,,,,,,,
LOG LANE VILLAGE,150038,MORGAN ,,,,,5.9000,State,2.9000,4.0000,City,3.0000,0.0000,,,,,,,,,,,,,,,,,,,,,,,,,,,,,,
LONE TREE (ORIGINAL),470031,DOUGLAS ,Self-collected,,"A,B,C,D,E,G,K,M,O,P,Q",,6.8125,State,2.9000,4.0000,County,1.0000,2.3300,City,1.8125,0.0000,RTD,1.0000,3.3300,CD,0.1000,3.3300,,,,,,,,,,,,,,,,,,,,,
LONGMONT ,030156,WELD,Self-collected,,,,7.4300,State,2.9000,4.0000,City,3.5300,3.0000,RTD,1.0000,3.3300,,,,,,,,,,,,,,,,,,,,,,,,,,,
LONGMONT ,070040,BOULDER ,Self-collected,,"A,B,C,K",,8.5150,State,2.9000,4.0000,County,0.9850,0.0000,City,3.5300,3.0000,RTD,1.0000,3.3300,CD,0.1000,3.3300,,,,,,,,,,,,,,,,,,,,,
LOUISVILLE,070041,BOULDER ,Self-collected,,"A,B,C,K",,8.6350,State,2.9000,4.0000,County,0.9850,0.0000,City,3.6500,0.0000,RTD,1.0000,3.3300,CD,0.1000,3.3300,,,,,,,,,,,,,,,,,,,,,
LOUVIERS,470013,DOUGLAS ,,,"A,B,C,D,E,G,K,M,O,P,Q",,4.0000,State,2.9000,4.0000,County,1.0000,2.3300,CD,0.1000,3.3300,,,,,,,,,,,,,,,,,,,,,,,,,,,
LOVELAND ,060049,LARIMER,Self-collected,,"A,B,C,D,E,G,H,K",,6.7000,State,2.9000,4.0000,County,0.8000,2.2200,City,3.0000,0.0000,,,,,,,,,,,,,,,,,,,,,,,,,,,
LYONS,070042,BOULDER ,,,"A,B,C,K",,8.4850,State,2.9000,4.0000,County,0.9850,0.0000,City,3.5000,3.3300,RTD,1.0000,3.3300,CD,0.1000,3.3300,,,,,,,,,,,,,,,,,,,,,
MANASSA,250015,CONEJOS ,,,,,3.9000,State,2.9000,4.0000,City,1.0000,3.3300,,,,,,,,,,,,,,,,,,,,,,,,,,,,,,
MANCOS,320017,MONTEZUMA ,,,,,7.3000,State,2.9000,4.0000,City,4.0000,0.0000,HSD,0.4000,3.3300,,,,,,,,,,,,,,,,,,,,,,,,,,,
MANITOU SPRINGS ,040052,EL PASO,State-collected,,"A,B,C,K",,9.0300,State,2.9000,4.0000,County,1.2300,0.0000,City,3.9000,0.0000,RTA,1.0000,0.0000,,,,,,,,,,,,,,,,,,,,,,,,
MANZANOLA,090017,OTERO ,,"A,B,C,K","A,B,C,E,K",,5.9000,State,2.9000,4.0000,County,1.0000,3.3300,City,2.0000,3.3300,,,,,,,,,,,,,,,,,,,,,,,,,,,
MARBLE (MAIL VIA CARBONDALE),400042,GUNNISON,,,,,7.9000,State,2.9000,4.0000,County,1.0000,3.3300,City,4.0000,3.3300,,,,,,,,,,,,,,,,,,,,,,,,,,,
MEAD,030095,WELD,,"A,B,C,K",,,4.9000,State,2.9000,4.0000,City,2.0000,0.0000,,,,,,,,,,,,,,,,,,,,,,,,,,,,,,
MEEKER,490003,RIO BLANCO (MEEKER IGA),,,"C,D,E,M",,6.5000,State,2.9000,4.0000,County,3.6000,3.3300,,,,,,,,,,,,,,,,,,,,,,,,,,,,,,
MERINO,130020,LOGAN ,,,"E,M",,3.9000,State,2.9000,4.0000,County,1.0000,0.0000,,,,,,,,,,,,,,,,,,,,,,,,,,,,,,
MESA VERDE,320020,MONTEZUMA ,,,,,3.3000,State,2.9000,4.0000,HSD,0.4000,3.3300,,,,,,,,,,,,,,,,,,,,,,,,,,,,,,
MILLIKEN,030097,WELD,,,,,5.4000,State,2.9000,4.0000,City,2.5000,3.3300,,,,,,,,,,,,,,,,,,,,,,,,,,,,,,
MINTURN ,440030,EAGLE ,State-collected,,"A,B,C,K","A,B,C,K",8.4000,State,2.9000,4.0000,County,1.0000,3.3300,City,4.0000,0.0000,MTS,0.5000,3.3300,,,,,,,,,,,,,,,,,,,,,,,,
MOFFAT,350017,SAGUACHE ,,"C,D,E,G,H","A,B,C,E,K",,7.4000,State,2.9000,4.0000,County,2.5000,0.0000,City,2.0000,3.3300,,,,,,,,,,,,,,,,,,,,,,,,,,,
MONTE VISTA,230018,RIO GRANDE,State-collected,,,,8.5000,State,2.9000,4.0000,County,2.6000,3.3300,City,3.0000,3.3300,,,,,,,,,,,,,,,,,,,,,,,,,,,
MONTEZUMA (MAIL VIA DILLON),610011,SUMMIT (MONTEZUMA IGA),,,,,8.3750,State,2.9000,4.0000,County,2.0000,3.3300,City,2.0000,3.0000,MTS,0.7500,3.3300,MHA,0.7250,3.3300,,,,,,,,,,,,,,,,,,,,,
MONTROSE ,210011,MONTROSE,Self-collected,,,,8.5300,State,2.9000,4.0000,County,1.0000,3.3300,City,3.8800,1.3300,PSI,0.7500,3.3300,,,,,,,,,,,,,,,,,,,,,,,,
MONUMENT,040057,EL PASO,,"A,B,C,K","A,B,C,K",,7.1300,State,2.9000,4.0000,County,1.2300,0.0000,City,3.0000,3.3300,,,,,,,,,,,,,,,,,,,,,,,,,,,
MONUMENT (in PPRTA),040103,EL PASO,,,"A,B,C,K",,8.1300,State,2.9000,4.0000,County,1.2300,0.0000,City,3.0000,3.3300,RTA,1.0000,0.0000,,,,,,,,,,,,,,,,,,,,,,,,
MONUMENT (WITHIN BAPTIST RD RTA),040058,EL PASO,,"A,B,C,K","A,B,C,K",,7.1300,State,2.9000,4.0000,County,1.2300,0.0000,City,3.0000,3.3300,,,,,,,,,,,,,,,,,,,,,,,,,,,
MONUMENT PIF,040100,EL PASO,,,"A,B,C,K",,6.1300,State,2.9000,4.0000,County,1.2300,0.0000,City,2.0000,3.3300,,,,,,,,,,,,,,,,,,,,,,,,,,,
MORRISON,110071,JEFFERSON ,State-collected,,,,8.2500,State,2.9000,4.0000,County,0.5000,3.3300,City,3.7500,3.3300,RTD,1.0000,3.3300,CD,0.1000,3.3300,,,,,,,,,,,,,,,,,,,,,
MOUNTAIN VIEW ,110074,JEFFERSON ,State-collected,,,,8.5000,State,2.9000,4.0000,County,0.5000,3.3300,City,4.0000,0.0000,RTD,1.0000,3.3300,CD,0.1000,3.3300,,,,,,,,,,,,,,,,,,,,,
MOUNTAIN VILLAGE,500010,SAN MIGUEL ,Self-collected,,"A,B,C,K",,8.6500,State,2.9000,4.0000,County,1.0000,3.0000,City,4.5000,3.3300,RTA,0.2500,0.0000,,,,,,,,,,,,,,,,,,,,,,,,
MT CRESTED BUTTE,400073,GUNNISON,Self-collected,,,,9.9000,State,2.9000,4.0000,County,1.0000,3.3300,City,5.0000,3.3300,RTA,1.0000,0.0000,,,,,,,,,,,,,,,,,,,,,,,,
MT VERNON COUNTRY CLUB METROPOLITAN DISTRICT,110156,JEFFERSON ,,,,,6.5000,State,2.9000,4.0000,County,0.5000,3.3300,RTD,1.0000,3.3300,CD,0.1000,3.3300,MDT,2.0000,3.3300,,,,,,,,,,,,,,,,,,,,,
NATURITA,210012,MONTROSE,,,,,8.6500,State,2.9000,4.0000,County,1.0000,3.3300,City,4.0000,3.3300,PSI,0.7500,3.3300,,,,,,,,,,,,,,,,,,,,,,,,
NEDERLAND,070049,BOULDER ,,,"A,B,C,K",,8.9850,State,2.9000,4.0000,County,0.9850,0.0000,City,4.0000,0.0000,RTD,1.0000,3.3300,CD,0.1000,3.3300,,,,,,,,,,,,,,,,,,,,,
NEW CASTLE ,240031,GARFIELD ,State-collected,,"A,B,C,K",,8.2000,State,2.9000,4.0000,County,1.0000,3.3300,City,3.5000,3.3300,RTA,0.8000,0.0000,,,,,,,,,,,,,,,,,,,,,,,,
NIWOT,070050,BOULDER ,,,"A,B,C,K",,5.9850,State,2.9000,4.0000,County,0.9850,0.0000,RTD,1.0000,3.3300,CD,0.1000,3.3300,LID,1.0000,0.0000,,,,,,,,,,,,,,,,,,,,,
NORTHGLENN ,030153,WELD,Self-collected,,,,6.9000,State,2.9000,4.0000,City,4.0000,1.0000,,,,,,,,,,,,,,,,,,,,,,,,,,,,,,
NORTHGLENN ,120054,ADAMS ,Self-collected,,"A,B,C,D,E,G,H,K",,8.7500,State,2.9000,4.0000,County,0.7500,0.0000,City,4.0000,1.0000,RTD,1.0000,3.3300,CD,0.1000,3.3300,,,,,,,,,,,,,,,,,,,,,
NORWOOD,500017,SAN MIGUEL ,,C,"A,B,C,K",,6.9000,State,2.9000,4.0000,County,1.0000,3.0000,City,3.0000,3.3300,,,,,,,,,,,,,,,,,,,,,,,,,,,
NUCLA,210013,MONTROSE,,,,,8.6500,State,2.9000,4.0000,County,1.0000,3.3300,City,4.0000,3.3300,PSI,0.7500,3.3300,,,,,,,,,,,,,,,,,,,,,,,,
NUNN,030100,WELD,,,,,4.9000,State,2.9000,4.0000,City,2.0000,0.0000,,,,,,,,,,,,,,,,,,,,,,,,,,,,,,
OAK CREEK,280028,ROUTT ,,,"A,B,C,K",,6.9000,State,2.9000,4.0000,County,1.0000,3.3300,City,3.0000,3.3300,,,,,,,,,,,,,,,,,,,,,,,,,,,
OHIO,400045,GUNNISON,,,,,3.9000,State,2.9000,4.0000,County,1.0000,3.3300,,,,,,,,,,,,,,,,,,,,,,,,,,,,,,
OLATHE,210015,MONTROSE,,,,,8.6500,State,2.9000,4.0000,County,1.0000,3.3300,City,4.0000,3.3300,PSI,0.7500,3.3300,,,,,,,,,,,,,,,,,,,,,,,,
OLNEY SPRINGS,360005,CROWLEY ,,,,,4.9000,State,2.9000,4.0000,County,2.0000,3.3300,,,,,,,,,,,,,,,,,,,,,,,,,,,,,,
OPHIR,500018,SAN MIGUEL ,,,"A,B,C,K",,3.9000,State,2.9000,4.0000,County,1.0000,3.0000,,,,,,,,,,,,,,,,,,,,,,,,,,,,,,
ORCHARD CITY,180042,DELTA,,,"E,F",,5.7000,State,2.9000,4.0000,County,2.0000,3.3300,PSI,0.8000,3.3300,,,,,,,,,,,,,,,,,,,,,,,,,,,
ORDWAY,360006,CROWLEY ,,,,,6.9000,State,2.9000,4.0000,County,2.0000,3.3300,City,2.0000,3.3300,,,,,,,,,,,,,,,,,,,,,,,,,,,
OTIS,270014,WASHINGTON ,,,"A,B,D,E,G,H,K",,6.4000,State,2.9000,4.0000,County,1.5000,3.3300,City,2.0000,3.3300,,,,,,,,,,,,,,,,,,,,,,,,,,,
OURAY ,560011,OURAY ,State-collected,,,,9.4500,State,2.9000,4.0000,County,2.5500,3.3300,City,4.0000,3.3300,,,,,,,,,,,,,,,,,,,,,,,,,,,
OVID,390005,SEDGWICK,,,"D,E,H",,6.9000,State,2.9000,4.0000,County,3.0000,3.3300,City,1.0000,3.3300,,,,,,,,,,,,,,,,,,,,,,,,,,,
PAGOSA SPRINGS ,480012,ARCHULETA,Self-collected,,,,6.9000,State,2.9000,4.0000,County,4.0000,3.3300,,,,,,,,,,,,,,,,,,,,,,,,,,,,,,
PALISADE,080027,MESA,,"A,B,C,K","A,B,C,D,E,G,H,K,M",,7.2700,State,2.9000,4.0000,County,2.0000,3.3300,City,2.0000,3.3300,PSI,0.3700,3.3300,,,,,,,,,,,,,,,,,,,,,,,,
PALMER LAKE,040059,EL PASO,,A,"A,B,C,K",,7.1300,State,2.9000,4.0000,County,1.2300,0.0000,City,3.0000,3.3300,,,,,,,,,,,,,,,,,,,,,,,,,,,
PALMER LAKE (in PPRTA),040102,EL PASO,,,"A,B,C,K",,8.1300,State,2.9000,4.0000,County,1.2300,0.0000,City,3.0000,3.3300,RTA,1.0000,0.0000,,,,,,,,,,,,,,,,,,,,,,,,
PAOLI,370005,PHILLIPS,,,E,,3.9000,State,2.9000,4.0000,County,1.0000,3.3300,,,,,,,,,,,,,,,,,,,,,,,,,,,,,,
PAONIA,180024,DELTA,,,"E,F",,8.7000,State,2.9000,4.0000,County,2.0000,3.3300,City,3.0000,3.3300,PSI,0.8000,3.3300,,,,,,,,,,,,,,,,,,,,,,,,
PARACHUTE ,240018,GARFIELD ,State-collected,,"A,B,C,K",,7.6500,State,2.9000,4.0000,County,1.0000,3.3300,City,3.7500,0.0000,,,,,,,,,,,,,,,,,,,,,,,,,,,
PARKER ,470016,DOUGLAS ,Self-collected,,"A,B,C,D,E,G,K,M,O,P,Q",,8.0000,State,2.9000,4.0000,County,1.0000,2.3300,City,3.0000,3.3300,RTD,1.0000,3.3300,CD,0.1000,3.3300,,,,,,,,,,,,,,,,,,,,,
PARKER (CD ONLY),470046,DOUGLAS ,Self-collected,,"A,B,C,D,E,G,K,M,O,P,Q",,7.0000,State,2.9000,4.0000,County,1.0000,2.3300,City,3.0000,3.3300,CD,0.1000,3.3300,,,,,,,,,,,,,,,,,,,,,,,,
PEETZ,130022,LOGAN ,,,"E,M",,3.9000,State,2.9000,4.0000,County,1.0000,0.0000,,,,,,,,,,,,,,,,,,,,,,,,,,,,,,
PIERCE,030106,WELD,,"B,K",,,4.9000,State,2.9000,4.0000,City,2.0000,3.3300,,,,,,,,,,,,,,,,,,,,,,,,,,,,,,
PITKIN,400049,GUNNISON,,,,,6.9000,State,2.9000,4.0000,County,1.0000,3.3300,City,3.0000,0.0000,,,,,,,,,,,,,,,,,,,,,,,,,,,
PLATTEVILLE,030107,WELD,,,,,5.9000,State,2.9000,4.0000,City,3.0000,3.3300,,,,,,,,,,,,,,,,,,,,,,,,,,,,,,
PONCHA SPRINGS,310027,CHAFFEE ,,,E,,7.6500,State,2.9000,4.0000,County,2.7500,3.0000,City,2.0000,3.3300,,,,,,,,,,,,,,,,,,,,,,,,,,,
PRITCHETT,220018,BACA ,,,,,2.9000,State,2.9000,4.0000,,,,,,,,,,,,,,,,,,,,,,,,,,,,,,,,,
PROSPECT VALLEY (MAIL VIA KEENESBURG),030111,WELD,,,,,2.9000,State,2.9000,4.0000,,,,,,,,,,,,,,,,,,,,,,,,,,,,,,,,,
PUEBLO,020043,PUEBLO,Self-collected,,"A,B,C,K",,7.6000,State,2.9000,4.0000,County,1.0000,3.3300,City,3.7000,0.0000,,,,,,,,,,,,,,,,,,,,,,,,,,,
PUEBLO WEST,020069,PUEBLO,,,"A,B,C,K",,4.9000,State,2.9000,4.0000,County,1.0000,3.3300,MDT,1.0000,3.3300,,,,,,,,,,,,,,,,,,,,,,,,,,,
RAMAH,040064,EL PASO,,,"A,B,C,K",,5.1300,State,2.9000,4.0000,County,1.2300,0.0000,RTA,1.0000,0.0000,,,,,,,,,,,,,,,,,,,,,,,,,,,
RANGELY,490006,RIO BLANCO (RANGELY IGA),,,"C,D,E,M",,6.5000,State,2.9000,4.0000,County,3.6000,3.3300,,,,,,,,,,,,,,,,,,,,,,,,,,,,,,
RAYMER,030099,WELD,,,,,2.9000,State,2.9000,4.0000,,,,,,,,,,,,,,,,,,,,,,,,,,,,,,,,,
RED CLIFF,440038,EAGLE ,,,"A,B,C,K","A,B,C,K",7.4000,State,2.9000,4.0000,County,1.0000,3.3300,City,3.0000,3.3300,MTS,0.5000,3.3300,,,,,,,,,,,,,,,,,,,,,,,,
RED SKY RANCH METROPOLITAN DISTRICT,440067,EAGLE ,,,"A,B,C,K","A,B,C,K",9.9000,State,2.9000,4.0000,County,1.0000,3.3300,MTS,0.5000,3.3300,MDT,5.5000,3.3300,,,,,,,,,,,,,,,,,,,,,,,,
RICO ,580010,DOLORES,State-collected,,,,8.1500,State,2.9000,4.0000,City,5.0000,0.0000,RTA,0.2500,0.0000,,,,,,,,,,,,,,,,,,,,,,,,,,,
RIDGWAY ,560017,OURAY ,Self-collected,,,,9.0500,State,2.9000,4.0000,County,2.5500,3.3300,City,3.6000,2.3300,,,,,,,,,,,,,,,,,,,,,,,,,,,
RIFLE ,240035,GARFIELD ,Self-collected,,"A,B,C,K",,8.1500,State,2.9000,4.0000,County,1.0000,3.3300,City,4.2500,0.0000,,,,,,,,,,,,,,,,,,,,,,,,,,,
ROCKVALE,140039,FREMONT ,,,"A,B,C,D,E,G,H,K,M",,5.4000,State,2.9000,4.0000,County,2.5000,3.3300,,,,,,,,,,,,,,,,,,,,,,,,,,,,,,
ROCKY FORD,090027,OTERO ,,E,"A,B,C,E,K",,7.9000,State,2.9000,4.0000,County,1.0000,3.3300,City,4.0000,3.0000,,,,,,,,,,,,,,,,,,,,,,,,,,,
ROMEO,250021,CONEJOS ,,,,,3.9000,State,2.9000,4.0000,City,1.0000,3.3300,,,,,,,,,,,,,,,,,,,,,,,,,,,,,,
RYE,020046,PUEBLO,,,"A,B,C,K",,3.9000,State,2.9000,4.0000,County,1.0000,3.3300,,,,,,,,,,,,,,,,,,,,,,,,,,,,,,
SAGUACHE,350022,SAGUACHE ,,,"A,B,C,E,K",,9.4000,State,2.9000,4.0000,County,2.5000,0.0000,City,4.0000,3.3300,,,,,,,,,,,,,,,,,,,,,,,,,,,
SALIDA,310031,CHAFFEE ,,,E,,8.6500,State,2.9000,4.0000,County,2.7500,3.0000,City,3.0000,0.0000,,,,,,,,,,,,,,,,,,,,,,,,,,,
SAN LUIS,380019,COSTILLA ,,A,,,6.9000,State,2.9000,4.0000,County,1.0000,0.0000,City,3.0000,3.3300,,,,,,,,,,,,,,,,,,,,,,,,,,,
SANFORD,250023,CONEJOS ,,,,,2.9000,State,2.9000,4.0000,,,,,,,,,,,,,,,,,,,,,,,,,,,,,,,,,
SAWPIT (MAIL VIA PLACERVILLE),500030,SAN MIGUEL ,,,"A,B,C,K",,6.9000,State,2.9000,4.0000,County,1.0000,3.0000,City,3.0000,0.0000,,,,,,,,,,,,,,,,,,,,,,,,,,,
SEDALIA,470017,DOUGLAS ,,,"A,B,C,D,E,G,K,M,O,P,Q",,4.0000,State,2.9000,4.0000,County,1.0000,2.3300,CD,0.1000,3.3300,,,,,,,,,,,,,,,,,,,,,,,,,,,
SEDGWICK,390006,SEDGWICK,,"B,C,K","D,E,H",,6.9000,State,2.9000,4.0000,County,3.0000,3.3300,City,1.0000,0.0000,,,,,,,,,,,,,,,,,,,,,,,,,,,
SEIBERT,260008,KIT CARSON,,"B,C,D,K",,,4.9000,State,2.9000,4.0000,City,2.0000,3.3300,,,,,,,,,,,,,,,,,,,,,,,,,,,,,,
SEVERANCE,030112,WELD,,C,,,5.9000,State,2.9000,4.0000,City,3.0000,3.3300,,,,,,,,,,,,,,,,,,,,,,,,,,,,,,
SHERIDAN,100020,ARAPAHOE,Self-collected,,"A,B,C,D,E,G,H,K,M",,7.7500,State,2.9000,4.0000,County,0.2500,0.5000,City,3.5000,0.0000,RTD,1.0000,3.3300,CD,0.1000,3.3300,,,,,,,,,,,,,,,,,,,,,
SHERIDAN LAKE,450014,KIOWA,,,,,2.9000,State,2.9000,4.0000,,,,,,,,,,,,,,,,,,,,,,,,,,,,,,,,,
SILT ,240042,GARFIELD ,State-collected,,"A,B,C,K",,6.9000,State,2.9000,4.0000,County,1.0000,3.3300,City,3.0000,3.3300,,,,,,,,,,,,,,,,,,,,,,,,,,,
SILVER CLIFF,520008,CUSTER ,,,"A,B,C,K",,7.9000,State,2.9000,4.0000,County,2.0000,3.3300,City,3.0000,3.3300,,,,,,,,,,,,,,,,,,,,,,,,,,,
SILVER PLUME,510015,CLEAR CREEK ,,,,,7.5500,State,2.9000,4.0000,County,1.6500,0.0000,City,3.0000,3.3300,,,,,,,,,,,,,,,,,,,,,,,,,,,
SILVERTHORNE,610017,SUMMIT (SILVERTHORNE IGA),Self-collected,,,,8.3750,State,2.9000,4.0000,County,2.0000,3.3300,City,2.0000,2.3300,MTS,0.7500,3.3300,MHA,0.7250,3.3300,,,,,,,,,,,,,,,,,,,,,
SILVERTON,550018,SAN JUAN ,,"A,B,C,D,E,G,H,K,M",,,10.4000,State,2.9000,4.0000,County,6.5000,3.3300,City,1.0000,0.0000,,,,,,,,,,,,,,,,,,,,,,,,,,,
SIMLA,340014,ELBERT ,,"A,B,C,K","A,B,C,D,E,G,H,K",,7.9000,State,2.9000,4.0000,County,1.0000,3.3300,City,4.0000,3.3300,,,,,,,,,,,,,,,,,,,,,,,,,,,
SNOWMASS VILLAGE (MAIL VIA ASPEN),570019,PITKIN ,Self-collected,,,,10.4000,State,2.9000,4.0000,County,3.1000,0.0000,City,3.5000,0.0000,RTA,0.4000,0.0000,MTS,0.5000,0.0000,,,,,,,,,,,,,,,,,,,,,
SOMERSET,400056,GUNNISON,,,,,3.9000,State,2.9000,4.0000,County,1.0000,3.3300,,,,,,,,,,,,,,,,,,,,,,,,,,,,,,
SOUTH FORK,230023,RIO GRANDE,,C,,,7.5000,State,2.9000,4.0000,County,2.6000,3.3300,City,2.0000,3.3300,,,,,,,,,,,,,,,,,,,,,,,,,,,
SPRINGFIELD,220022,BACA ,,,,,4.9000,State,2.9000,4.0000,City,2.0000,3.3300,,,,,,,,,,,,,,,,,,,,,,,,,,,,,,
STARKVILLE,050089,LAS ANIMAS,,,,,4.4000,State,2.9000,4.0000,County,1.5000,3.3300,,,,,,,,,,,,,,,,,,,,,,,,,,,,,,
STEAMBOAT SPRINGS ,280049,ROUTT ,Self-collected,,"A,B,C,K",,8.4000,State,2.9000,4.0000,County,1.0000,3.3300,City,4.5000,0.0000,,,,,,,,,,,,,,,,,,,,,,,,,,,
STEAMBOAT SPRINGS (LOCAL MARKETING DIST),280041,ROUTT ,Self-collected,,"A,B,C,K",,8.4000,State,2.9000,4.0000,County,1.0000,3.3300,City,4.5000,0.0000,,,,,,,,,,,,,,,,,,,,,,,,,,,
STERLING ,130029,LOGAN ,Self-collected,,"E,M",,7.0000,State,2.9000,4.0000,County,1.0000,0.0000,City,3.0000,0.0000,RTA,0.1000,0.0000,,,,,,,,,,,,,,,,,,,,,,,,
STRATTON,260009,KIT CARSON,,"A,B,C,D,K",,,4.9000,State,2.9000,4.0000,City,2.0000,3.3300,,,,,,,,,,,,,,,,,,,,,,,,,,,,,,
SUGAR CITY,360008,CROWLEY ,,,,,4.9000,State,2.9000,4.0000,County,2.0000,3.3300,,,,,,,,,,,,,,,,,,,,,,,,,,,,,,
SUPERIOR (MAIL VIA LOUISVILLE),070067,BOULDER ,,,"A,B,C,K",,8.4450,State,2.9000,4.0000,County,0.9850,0.0000,City,3.4600,3.3300,RTD,1.0000,3.3300,CD,0.1000,3.3300,,,,,,,,,,,,,,,,,,,,,
SUPERIOR (MAIL VIA LOUISVILLE),110143,JEFFERSON ,,,,,7.9600,State,2.9000,4.0000,County,0.5000,3.3300,City,3.4600,3.3300,RTD,1.0000,3.3300,CD,0.1000,3.3300,,,,,,,,,,,,,,,,,,,,,
SWINK,090029,OTERO ,,,"A,B,C,E,K",,3.9000,State,2.9000,4.0000,County,1.0000,3.3300,,,,,,,,,,,,,,,,,,,,,,,,,,,,,,
TELLURIDE ,500027,SAN MIGUEL ,Self-collected,,"A,B,C,K",,8.6500,State,2.9000,4.0000,County,1.0000,3.0000,City,4.5000,1.3500,RTA,0.2500,0.0000,,,,,,,,,,,,,,,,,,,,,,,,
THORNTON ,120044,ADAMS ,Self-collected,,"A,B,C,D,E,G,H,K",,8.5000,State,2.9000,4.0000,County,0.7500,0.0000,City,3.7500,3.0000,RTD,1.0000,3.3300,CD,0.1000,3.3300,,,,,,,,,,,,,,,,,,,,,
Timnath,030158,WELD,Self-collected,,,,5.9000,State,2.9000,4.0000,City,3.0000,3.3300,,,,,,,,,,,,,,,,,,,,,,,,,,,,,,
TIMNATH ,060077,LARIMER,Self-collected,,"A,B,C,D,E,G,H,K",,6.7000,State,2.9000,4.0000,County,0.8000,2.2200,City,3.0000,3.3300,,,,,,,,,,,,,,,,,,,,,,,,,,,
TRINIDAD ,050102,LAS ANIMAS,State-collected,,,,8.4000,State,2.9000,4.0000,County,1.5000,3.3300,City,4.0000,3.3300,,,,,,,,,,,,,,,,,,,,,,,,,,,
TWO BUTTES,220024,BACA ,,,,,2.9000,State,2.9000,4.0000,,,,,,,,,,,,,,,,,,,,,,,,,,,,,,,,,
UNINCORPORATED,020206,PUEBLO,,,"A,B,C,K",,3.9000,State,2.9000,4.0000,County,1.0000,3.3300,,,,,,,,,,,,,,,,,,,,,,,,,,,,,,
UNINCORPORATED,030206,WELD,,,,,2.9000,State,2.9000,4.0000,,,,,,,,,,,,,,,,,,,,,,,,,,,,,,,,,
UNINCORPORATED,040206,EL PASO,,,"A,B,C,K",,5.1300,State,2.9000,4.0000,County,1.2300,0.0000,RTA,1.0000,0.0000,,,,,,,,,,,,,,,,,,,,,,,,,,,
UNINCORPORATED,050206,LAS ANIMAS,,,,,4.4000,State,2.9000,4.0000,County,1.5000,3.3300,,,,,,,,,,,,,,,,,,,,,,,,,,,,,,
UNINCORPORATED,060206,LARIMER,,,"A,B,C,D,E,G,H,K",,3.7000,State,2.9000,4.0000,County,0.8000,2.2200,,,,,,,,,,,,,,,,,,,,,,,,,,,,,,
UNINCORPORATED,070206,BOULDER ,,,"A,B,C,K",,4.9850,State,2.9000,4.0000,County,0.9850,0.0000,RTD,1.0000,3.3300,CD,0.1000,3.3300,,,,,,,,,,,,,,,,,,,,,,,,
UNINCORPORATED,080206,MESA,,,"A,B,C,D,E,G,H,K,M",,5.2700,State,2.9000,4.0000,County,2.0000,3.3300,PSI,0.3700,3.3300,,,,,,,,,,,,,,,,,,,,,,,,,,,
UNINCORPORATED,090206,OTERO ,,,"A,B,C,E,K",,3.9000,State,2.9000,4.0000,County,1.0000,3.3300,,,,,,,,,,,,,,,,,,,,,,,,,,,,,,
UNINCORPORATED,100206,ARAPAHOE,,,"A,B,C,D,E,G,H,K,M",,4.2500,State,2.9000,4.0000,County,0.2500,0.5000,CD,0.1000,3.3300,RTD,1.0000,3.3300,,,,,,,,,,,,,,,,,,,,,,,,
UNINCORPORATED,110206,JEFFERSON ,,,,,4.5000,State,2.9000,4.0000,County,0.5000,3.3300,RTD,1.0000,3.3300,CD,0.1000,3.3300,,,,,,,,,,,,,,,,,,,,,,,,
UNINCORPORATED,120206,ADAMS ,,,"A,B,C,D,E,G,H,K",,4.7500,State,2.9000,4.0000,County,0.7500,0.0000,RTD,1.0000,3.3300,CD,0.1000,3.3300,,,,,,,,,,,,,,,,,,,,,,,,
UNINCORPORATED,130206,LOGAN ,,,"E,M",,3.9000,State,2.9000,4.0000,County,1.0000,0.0000,,,,,,,,,,,,,,,,,,,,,,,,,,,,,,
UNINCORPORATED,140206,FREMONT ,,,"A,B,C,D,E,G,H,K,M",,5.4000,State,2.9000,4.0000,County,2.5000,3.3300,,,,,,,,,,,,,,,,,,,,,,,,,,,,,,
UNINCORPORATED,150206,MORGAN ,,,,,2.9000,State,2.9000,4.0000,,,,,,,,,,,,,,,,,,,,,,,,,,,,,,,,,
UNINCORPORATED,160206,HUERFANO ,,,,,5.9000,State,2.9000,4.0000,County,3.0000,3.3300,,,,,,,,,,,,,,,,,,,,,,,,,,,,,,
UNINCORPORATED,170206,PROWERS,,,,,3.9000,State,2.9000,4.0000,County,1.0000,3.3300,,,,,,,,,,,,,,,,,,,,,,,,,,,,,,
UNINCORPORATED,180206,DELTA,,,"E,F",,5.7000,State,2.9000,4.0000,County,2.0000,3.3300,PSI,0.8000,3.3300,,,,,,,,,,,,,,,,,,,,,,,,,,,
UNINCORPORATED,190206,YUMA ,,,,,2.9000,State,2.9000,4.0000,,,,,,,,,,,,,,,,,,,,,,,,,,,,,,,,,
UNINCORPORATED,200206,LA PLATA ,,,"D,E,H,K,M",,4.9000,State,2.9000,4.0000,County,2.0000,3.3300,,,,,,,,,,,,,,,,,,,,,,,,,,,,,,
UNINCORPORATED,210206,MONTROSE,,,,,4.6500,State,2.9000,4.0000,County,1.0000,3.3300,PSI,0.7500,3.3300,,,,,,,,,,,,,,,,,,,,,,,,,,,
UNINCORPORATED,220206,BACA ,,,,,2.9000,State,2.9000,4.0000,,,,,,,,,,,,,,,,,,,,,,,,,,,,,,,,,
UNINCORPORATED,230206,RIO GRANDE,,,,,5.5000,State,2.9000,4.0000,County,2.6000,3.3300,,,,,,,,,,,,,,,,,,,,,,,,,,,,,,
UNINCORPORATED,240206,GARFIELD ,,,"A,B,C,K",,3.9000,State,2.9000,4.0000,County,1.0000,3.3300,,,,,,,,,,,,,,,,,,,,,,,,,,,,,,
UNINCORPORATED,250206,CONEJOS ,,,,,2.9000,State,2.9000,4.0000,,,,,,,,,,,,,,,,,,,,,,,,,,,,,,,,,
UNINCORPORATED,260206,KIT CARSON,,,,,2.9000,State,2.9000,4.0000,,,,,,,,,,,,,,,,,,,,,,,,,,,,,,,,,
UNINCORPORATED,270206,WASHINGTON ,,,"A,B,D,E,G,H,K",,4.4000,State,2.9000,4.0000,County,1.5000,3.3300,,,,,,,,,,,,,,,,,,,,,,,,,,,,,,
UNINCORPORATED,280206,ROUTT ,,,"A,B,C,K",,3.9000,State,2.9000,4.0000,County,1.0000,3.3300,,,,,,,,,,,,,,,,,,,,,,,,,,,,,,
UNINCORPORATED,290206,BENT ,,,,,3.9000,State,2.9000,4.0000,County,1.0000,0.0000,,,,,,,,,,,,,,,,,,,,,,,,,,,,,,
UNINCORPORATED,300206,ALAMOSA ,,,,,5.9000,State,2.9000,4.0000,County,3.0000,3.3300,,,,,,,,,,,,,,,,,,,,,,,,,,,,,,
UNINCORPORATED,310206,CHAFFEE ,,,E,,5.6500,State,2.9000,4.0000,County,2.7500,3.0000,,,,,,,,,,,,,,,,,,,,,,,,,,,,,,
UNINCORPORATED,330206,LINCOLN ,,,E,,4.9000,State,2.9000,4.0000,County,2.0000,3.3300,,,,,,,,,,,,,,,,,,,,,,,,,,,,,,
UNINCORPORATED,340206,ELBERT ,,,"A,B,C,D,E,G,H,K",,3.9000,State,2.9000,4.0000,County,1.0000,3.3300,,,,,,,,,,,,,,,,,,,,,,,,,,,,,,
UNINCORPORATED,350206,SAGUACHE ,,,"A,B,C,E,K",,5.4000,State,2.9000,4.0000,County,2.5000,0.0000,,,,,,,,,,,,,,,,,,,,,,,,,,,,,,
UNINCORPORATED,360206,CROWLEY ,,,,,4.9000,State,2.9000,4.0000,County,2.0000,3.3300,,,,,,,,,,,,,,,,,,,,,,,,,,,,,,
UNINCORPORATED,370206,PHILLIPS,,,E,,3.9000,State,2.9000,4.0000,County,1.0000,3.3300,,,,,,,,,,,,,,,,,,,,,,,,,,,,,,
UNINCORPORATED,380206,COSTILLA ,,,,,3.9000,State,2.9000,4.0000,County,1.0000,0.0000,,,,,,,,,,,,,,,,,,,,,,,,,,,,,,
UNINCORPORATED,390206,SEDGWICK,,,"D,E,H",,5.9000,State,2.9000,4.0000,County,3.0000,3.3300,,,,,,,,,,,,,,,,,,,,,,,,,,,,,,
UNINCORPORATED,400206,GUNNISON,,,,,4.9000,State,2.9000,4.0000,County,1.0000,3.3300,RTA,1.0000,0.0000,,,,,,,,,,,,,,,,,,,,,,,,,,,
UNINCORPORATED,410206,LAKE ,,,,,6.9000,State,2.9000,4.0000,County,4.0000,3.3300,,,,,,,,,,,,,,,,,,,,,,,,,,,,,,
UNINCORPORATED,420206,MOFFAT ,,,"E, K,M",,4.9000,State,2.9000,4.0000,County,2.0000,3.3300,,,,,,,,,,,,,,,,,,,,,,,,,,,,,,
UNINCORPORATED,430206,TELLER ,,,"A,B,C,K",,3.9000,State,2.9000,4.0000,County,1.0000,3.3300,,,,,,,,,,,,,,,,,,,,,,,,,,,,,,
UNINCORPORATED,440206,EAGLE ,,,"A,B,C,K","A,B,C,K",4.4000,State,2.9000,4.0000,County,1.0000,3.3300,MTS,0.5000,3.3300,,,,,,,,,,,,,,,,,,,,,,,,,,,
UNINCORPORATED,450206,KIOWA,,,,,2.9000,State,2.9000,4.0000,,,,,,,,,,,,,,,,,,,,,,,,,,,,,,,,,
UNINCORPORATED,460206,CHEYENNE ,,,,,2.9000,State,2.9000,4.0000,,,,,,,,,,,,,,,,,,,,,,,,,,,,,,,,,
UNINCORPORATED,470206,DOUGLAS ,,,"A,B,C,D,E,G,K,M,O,P,Q",,5.0000,State,2.9000,4.0000,County,1.0000,2.3300,RTD,1.0000,3.3300,CD,0.1000,3.3300,,,,,,,,,,,,,,,,,,,,,,,,
UNINCORPORATED,480206,ARCHULETA,,,,,6.9000,State,2.9000,4.0000,County,4.0000,3.3300,,,,,,,,,,,,,,,,,,,,,,,,,,,,,,
UNINCORPORATED,490206,RIO BLANCO ,,,"C,D,E,M",,6.5000,State,2.9000,4.0000,County,3.6000,3.3300,,,,,,,,,,,,,,,,,,,,,,,,,,,,,,
UNINCORPORATED,500206,SAN MIGUEL ,,,"A,B,C,K",,4.1500,State,2.9000,4.0000,County,1.0000,3.0000,RTA,0.2500,0.0000,,,,,,,,,,,,,,,,,,,,,,,,,,,
UNINCORPORATED,510206,CLEAR CREEK ,,,,,4.5500,State,2.9000,4.0000,County,1.6500,0.0000,,,,,,,,,,,,,,,,,,,,,,,,,,,,,,
UNINCORPORATED,520206,CUSTER ,,,"A,B,C,K",,4.9000,State,2.9000,4.0000,County,2.0000,3.3300,,,,,,,,,,,,,,,,,,,,,,,,,,,,,,
UNINCORPORATED,530206,GRAND ,,,,,4.2000,State,2.9000,4.0000,County,1.3000,3.3300,,,,,,,,,,,,,,,,,,,,,,,,,,,,,,
UNINCORPORATED,550206,SAN JUAN ,,,,,9.4000,State,2.9000,4.0000,County,6.5000,3.3300,,,,,,,,,,,,,,,,,,,,,,,,,,,,,,
UNINCORPORATED,560206,OURAY ,,,,,5.4500,State,2.9000,4.0000,County,2.5500,3.3300,,,,,,,,,,,,,,,,,,,,,,,,,,,,,,
UNINCORPORATED,570206,PITKIN ,,,,,6.9000,State,2.9000,4.0000,County,3.1000,0.0000,RTA,0.4000,0.0000,MTS,0.5000,0.0000,,,,,,,,,,,,,,,,,,,,,,,,
UNINCORPORATED,580206,DOLORES,,,,,2.9000,State,2.9000,4.0000,,,,,,,,,,,,,,,,,,,,,,,,,,,,,,,,,
UNINCORPORATED,590206,JACKSON ,,,,,6.9000,State,2.9000,4.0000,County,4.0000,3.3300,,,,,,,,,,,,,,,,,,,,,,,,,,,,,,
UNINCORPORATED,600206,GILPIN ,,,,,2.9000,State,2.9000,4.0000,,,,,,,,,,,,,,,,,,,,,,,,,,,,,,,,,
UNINCORPORATED,610206,SUMMIT ,,,,,6.3750,State,2.9000,4.0000,County,2.0000,3.3300,MTS,0.7500,3.3300,MHA,0.7250,3.3300,,,,,,,,,,,,,,,,,,,,,,,,
UNINCORPORATED,620206,MINERAL ,,,,,5.5000,State,2.9000,4.0000,County,2.6000,3.3300,,,,,,,,,,,,,,,,,,,,,,,,,,,,,,
UNINCORPORATED,630206,HINSDALE ,,,,,7.9000,State,2.9000,4.0000,County,5.0000,3.3300,,,,,,,,,,,,,,,,,,,,,,,,,,,,,,
UNINCORPORATED (CD ONLY),470208,DOUGLAS ,,,"A,B,C,D,E,G,K,M,O,P,Q",,4.0000,State,2.9000,4.0000,County,1.0000,2.3300,CD,0.1000,3.3300,,,,,,,,,,,,,,,,,,,,,,,,,,,
UNINCORPORATED (IN UTE PASS REGIONAL HSD IN DOUGLAS),470049,DOUGLAS ,,,"A,B,C,D,E,G,K,M,O,P,Q",,4.5000,State,2.9000,4.0000,County,1.0000,2.3300,CD,0.1000,3.3300,HSD,0.5000,3.3300,,,,,,,,,,,,,,,,,,,,,,,,
UNINCORPORATED (IN UTE PASS REGIONAL HSD IN PARK),540210,PARK ,,,"A,B,C,D,K",,5.4000,State,2.9000,4.0000,County,1.0000,3.3300,HSD,1.0000,3.3300,HSD,0.5000,3.3300,,,,,,,,,,,,,,,,,,,,,,,,
UNINCORPORATED (IN UTE PASS REGIONAL HSD IN TELLER),430208,TELLER ,,,"A,B,C,K",,3.9000,State,2.9000,4.0000,County,1.0000,3.3300,,HSD,0.5000,3.33,,,,,,,,,,,,,,,,,,,,,,,,,,
UNINCORPORATED (NO RTA),500209,SAN MIGUEL ,,,"A,B,C,K",,3.9000,State,2.9000,4.0000,County,1.0000,3.0000,,,,,,,,,,,,,,,,,,,,,,,,,,,,,,
UNINCORPORATED ARAPAHOE CD ONLY,100208,ARAPAHOE,,,"A,B,C,D,E,G,H,K,M",,3.2500,State,2.9000,4.0000,County,0.2500,0.5000,CD,0.1000,3.3300,,,,,,,,,,,,,,,,,,,,,,,,,,,
UNINCORPORATED JEFFERSON WITHIN LID,110158,JEFFERSON ,,,,,5.0000,State,2.9000,4.0000,County,0.5000,3.3300,RTD,1.0000,3.3300,CD,0.1000,3.3300,LID,0.5000,3.3300,,,,,,,,,,,,,,,,,,,,,
UNINCORPORATED NO PHYSICAL LOCATION,120208,ADAMS ,,,"A,B,C,D,E,G,H,K",,3.7500,State,2.9000,4.0000,County,0.7500,0.0000,CD,0.1000,3.3300,,,,,,,,,,,,,,,,,,,,,,,,,,,
UNINCORPORATED NO PHYSICAL LOCATION,440208,EAGLE ,,,"A,B,C,K","A,B,C,K",5.0000,State,2.9000,4.0000,County,1.0000,3.3300,MTS,0.5000,3.3300,RTA,0.6000,0.0000,,,,,,,,,,,,,,,,,,,,,,,,
UNINCORPORATED UTE AND SOUTH PARK HSD,540209,PARK ,,,"A,B,C,D,K",,4.4000,State,2.9000,4.0000,County,1.0000,3.3300,HSD,0.5000,3.3300,,,,,,,,,,,,,,,,,,,,,,,,,,,
UNINCORPORATED(IN HEALTH SERVICES DISTRICT),540206,PARK ,,,"A,B,C,D,K",,4.9000,State,2.9000,4.0000,County,1.0000,3.3300,HSD,1.0000,3.3300,,,,,,,,,,,,,,,,,,,,,,,,,,,
UNINCORPORATED(OUT OF HEALTH SERVICES DISTRICT),540208,PARK ,,,"A,B,C,D,K",,3.9000,State,2.9000,4.0000,County,1.0000,3.3300,,,,,,,,,,,,,,,,,,,,,,,,,,,,,,
VAIL ,440060,EAGLE ,Self-collected,,"A,B,C,K","A,B,C,K",8.4000,State,2.9000,4.0000,County,1.0000,3.3300,City,4.0000,0.0000,MTS,0.5000,3.3300,,,,,,,,,,,,,,,,,,,,,,,,
VICTOR,430023,TELLER ,,"A,B,C,K","A,B,C,K",,6.9000,State,2.9000,4.0000,County,1.0000,3.3300,City,3.0000,0.0000,,,,,,,,,,,,,,,,,,,,,,,,,,,
VILAS,220026,BACA ,,,,,2.9000,State,2.9000,4.0000,,,,,,,,,,,,,,,,,,,,,,,,,,,,,,,,,
VONA,260010,KIT CARSON,,,,,2.9000,State,2.9000,4.0000,,,,,,,,,,,,,,,,,,,,,,,,,,,,,,,,,
WALDEN,590018,JACKSON ,,,,,7.9000,State,2.9000,4.0000,County,4.0000,3.3300,City,1.0000,3.3300,,,,,,,,,,,,,,,,,,,,,,,,,,,
WALSENBURG,160068,HUERFANO ,,,,,8.9000,State,2.9000,4.0000,County,3.0000,3.3300,City,3.0000,3.3300,,,,,,,,,,,,,,,,,,,,,,,,,,,
WALSH,220027,BACA ,,,,,5.9000,State,2.9000,4.0000,City,3.0000,3.3300,,,,,,,,,,,,,,,,,,,,,,,,,,,,,,
WARD ,070073,BOULDER ,State-collected,,"A,B,C,K",,6.9850,State,2.9000,4.0000,County,0.9850,0.0000,City,2.0000,3.3300,RTD,1.0000,3.3300,CD,0.1000,3.3300,,,,,,,,,,,,,,,,,,,,,
Weld/Lochbuie RTD only,030159,WELD,,,,,7.9000,State,2.9000,4.0000,City,4.0000,0.0000,RTD,1.0000,3.3300,,,,,,,,,,,,,,,,,,,,,,,,,,,
WELLINGTON,060082,LARIMER,,C,"A,B,C,D,E,G,H,K",,6.7000,State,2.9000,4.0000,County,0.8000,2.2200,City,3.0000,3.3300,,,,,,,,,,,,,,,,,,,,,,,,,,,
WESTCLIFFE,520009,CUSTER ,,,"A,B,C,K",,7.9000,State,2.9000,4.0000,County,2.0000,3.3300,City,3.0000,3.3300,,,,,,,,,,,,,,,,,,,,,,,,,,,
WESTMINSTER ,110142,JEFFERSON ,Self-collected,,,,8.3500,State,2.9000,4.0000,County,0.5000,3.3300,City,3.8500,0.0000,RTD,1.0000,3.3300,CD,0.1000,3.3300,,,,,,,,,,,,,,,,,,,,,
WESTMINSTER ,120043,ADAMS ,Self-collected,,"A,B,C,D,E,G,H,K",,8.6000,State,2.9000,4.0000,County,0.7500,0.0000,City,3.8500,0.0000,RTD,1.0000,3.3300,CD,0.1000,3.3300,,,,,,,,,,,,,,,,,,,,,
WHEAT RIDGE ,110124,JEFFERSON ,Self-collected,,,,8.0000,State,2.9000,4.0000,County,0.5000,3.3300,City,3.5000,2.0000,RTD,1.0000,3.3300,CD,0.1000,3.3300,,,,,,,,,,,,,,,,,,,,,
WHITEWATER (LID),080044,MESA,,,"A,B,C,D,E,G,H,K,M",,6.2700,State,2.9000,4.0000,County,2.0000,3.3300,LID,1.0000,0.0000,PSI,0.3700,3.3300,,,,,,,,,,,,,,,,,,,,,,,,
WIGGINS,150032,MORGAN ,,,,,4.9000,State,2.9000,4.0000,City,2.0000,3.3300,,,,,,,,,,,,,,,,,,,,,,,,,,,,,,
WILEY,170027,PROWERS,,A,,,5.9000,State,2.9000,4.0000,County,1.0000,3.3300,City,2.0000,,,,,,,,,,,,,,,,,,,,,,,,,,,,
WILLAMSBURG (MAIL VIA FLORENCE),140050,FREMONT ,,,"A,B,C,D,E,G,H,K,M",,5.4000,State,2.9000,4.0000,County,2.5000,3.3300,,,,,,,,,,,,,,,,,,,,,,,,,,,,,,
WINDSOR ,060084,LARIMER,Self-collected,,"A,B,C,D,E,G,H,K",,7.6500,State,2.9000,4.0000,County,0.8000,2.2200,City,3.9500,2.3300,,,,,,,,,,,,,,,,,,,,,,,,,,,
WINTER PARK ,530024,GRAND ,Self-collected,,,,11.2000,State,2.9000,4.0000,County,1.3000,3.3300,City,7.0000,0.0000,,,,,,,,,,,,,,,,,,,,,,,,,,,
WOODLAND PARK,040097,EL PASO,Self-collected,,"A,B,C,K",,9.2200,State,2.9000,4.0000,County,1.2300,0.0000,City,4.0900,0.0000,RTA,1.0000,0.0000,,,,,,,,,,,,,,,,,,,,,,,,
WOODLAND PARK ,430026,TELLER ,Self-collected,,"A,B,C,K",,8.4900,State,2.9000,4.0000,County,1.0000,3.3300,City,4.0900,0.0000,HSD,0.5000,3.3300,,,,,,,,,,,,,,,,,,,,,,,,
WRAY ,190017,YUMA ,State-collected,,,,5.4000,State,2.9000,4.0000,City,2.5000,3.3300,,,,,,,,,,,,,,,,,,,,,,,,,,,,,,
YAMPA,280048,ROUTT ,,"A,D,E,H","A,B,C,K",,5.9000,State,2.9000,4.0000,County,1.0000,3.3300,City,2.0000,3.3300,,,,,,,,,,,,,,,,,,,,,,,,,,,
YUMA ,190018,YUMA ,State-collected,,,,5.9000,State,2.9000,4.0000,City,3.0000,3.3300,,,,,,,,,,,,,,,,,,,,,,,,,,,,,,
